가게명,판매업종,배달소요시간,평점,리뷰수,배달기준금액,배달비
BHC-미아점,5,60,4.9,11109,16000,3000
호식이두마리치킨-길음점,5,50,4.9,3999,14000,3000
굽네치킨&피자-미아1호점,5,60,4.6,1135,15000,3000
네네치킨-정릉점,5,49,4.6,1622,16000,3000
짱닭치킨-성신여대점,5,58,4.9,421,14000,2000
또래오래-미아사거리역점,5,50,4.8,238,15000,4000
KFC-돈암동1점,5,55,4.5,3149,11000,3000
호치킨-길음뉴타운점,5,51,4.8,327,13900,3500
페리카나-정릉행복점,5,43,4.6,197,16000,2000
맘스터치-삼양사거리점,5,50,4.8,637,14000,4000
디디치킨-미아점,5,60,4.7,522,15000,4500
지코바치킨-서울수유1호점,5,60,4.9,7231,16000,2000
후라이드참잘하는집-미아점,5,55,4.7,1917,10000,2000
푸라닭-삼각산점,5,30,4.9,1857,16900,3000
닭강정공방-삼양미아점,5,50,0,0,16000,3000
호식이두마리치킨-종암점,5,50,4.6,561,14000,3200
지코바치킨-돈암1호점,5,55,4.9,2725,17000,3000
노랑통닭-미아점,5,50,4.7,2505,17000,3000
파무쳐두마리파닭,5,62,4.4,780,15000,1000
처갓집양념치킨-삼양점,5,60,4.9,5395,16000,2000
BHC-길음뉴타운점,5,60,4.9,6734,16000,3000
BBQ-강북스타점,5,40,4.3,2252,15000,2900
BHC-미아점,5,60,4.9,11109,16000,3000
푸라닭-정릉1호점,5,30,4.8,1432,15900,3000
호식이두마리치킨-길음점,5,50,4.9,3999,14000,3000
순살만공격-강북송천점,5,55,4.8,152,14000,2600
노랑통닭-정릉점,5,68,4.6,1174,16000,2500
지코바치킨-미아역점,5,45,5,400,12000,3000
가마로강정-미아점,5,50,4.7,2988,13000,1900
푸라닭-성신여대점,5,50,4.9,2525,16900,4000
보네르닭강정치킨-정릉점,5,45,4.7,218,14000,2000
감탄계숯불치킨-정릉점,5,35,5,11,19000,2500
불아더두마리숯불바베큐-하월곡점,5,60,5,41,15000,2500
60계-정릉점,5,56,4.5,583,15900,2500
굽네치킨&피자-미아1호점,5,60,4.6,1135,15000,3000
큰집닭강정-미아점,5,16,4.9,16,10000,2900
치킨매니아-미아사거리점,5,62,4.7,417,18000,2000
처갓집양념치킨-돈암점,5,46,4.9,2917,15000,3500
큰집닭강정-정릉점,5,49,4.9,264,13000,3000
처갓집양념치킨-정릉점,5,36,4.8,759,16000,3000
자담치킨-미아뉴타운점,5,41,4.9,170,18000,3000
굽네치킨&피자-하월곡점,5,57,4.2,4312,15000,3000
번쩍피자-제기점,5,36,4.9,4461,14900,2000
자담치킨-길음뉴타운점,5,46,4.8,313,19000,3500
롯데리아-정릉점,5,30,4.7,1959,10000,3500
큰집닭강정-삼양점,5,14,4.7,457,10000,2900
처갓집양념치킨-월곡역점,5,52,4.9,2067,17000,4000
처갓집양념치킨-길음뉴타운점,5,56,5,179,18000,3000
꾸브라꼬숯불두마리치킨-미아점,5,60,5,429,16000,3500
범프리카인생치킨-미아점,5,55,4.8,355,15500,2000
교촌치킨-정릉1호점,5,53,4.7,114,19000,4000
바른치킨-삼양두산위브점,5,44,4.9,108,16900,2500
피치홈-미아점,5,60,4.7,1714,14000,2000
인생닭강정미아사거리역점,5,20,4.9,41,15000,2900
네네치킨-정릉점,5,48,4.6,1622,16000,3000
짱닭치킨-성신여대점,5,58,4.9,421,14000,2000
동근이숯불두마리치킨-성북구점,5,60,4.9,941,12000,4000
걸작떡볶이치킨-길음미아뉴타운점,5,60,4.8,3215,15000,2500
BHC-돈암점,5,50,4.9,746,17000,4000
장가통닭-삼양점,5,13,4.9,259,16000,2900
교촌치킨-정릉2호점,5,52,4.4,770,16000,4000
롯데리아-미아삼거리점,5,48,4.7,2913,10000,3500
낭만치맥-미아사거리점,5,50,4.9,16,15000,2000
닭어사,5,50,5,80,13500,3000
처갓집양념치킨-보문5가점,5,54,4.9,708,15000,4000
또래오래-미아사거리역점,5,50,4.8,238,15000,4000
지코바치킨-수유2호점,5,60,4.9,920,15000,3500
지랄닭발-성북점,5,50,5,311,18000,3000
두부자통닭-삼양사거리점,5,19,4.7,20,15000,2900
88켄터키치킨-미아번동점,5,22,4.9,28,15000,3400
치킨이계강정이계-정릉점,5,50,4.6,22,14000,2000
공룡도배부른안심탕수육&치킨-성신여대점,5,59,4.9,622,12000,4000
네네치킨-수유점,5,66,5,1113,15000,3000
닥엔돈스직화바베큐치킨-미아점,5,55,4.9,13,19000,1000
대한맥주집-성신여대점,5,55,4.9,53,11000,3000
삼삼치킨-미아점,5,55,4.7,49,14000,4000
롯데리아-삼양사거리점,5,30,4.9,370,10000,3500
네네치킨-미아점,5,40,4.8,1839,17000,3000
KFC-돈암동1점,5,55,4.5,3149,11000,3000
늘봄닭강정,5,22,5,17,11000,3400
일번지통닭-미아점,5,25,5,4,18000,3000
타코잉닭-미아점,5,56,4.8,11,6000,3000
장가통닭-길음뉴타운점,5,17,4.7,34,14000,2900
P씨네24시부엌-미아점,5,50,4.6,57,10000,1500
롯데리아-길음뉴타운점,5,34,4.6,1491,10000,3500
호치킨-길음뉴타운점,5,53,4.8,327,13900,3500
국민대꿀양파닭-국민대점,5,60,5,123,11000,3000
BBQ-창동행복점,5,53,4.5,50,17000,2900
프랭크수제치즈버거-월곡점,5,40,4.9,1484,8900,4700
88옛날통닭-미아점,5,17,4.9,11,13000,3400
페리카나-정릉행복점,5,43,4.6,197,16000,2000
피자나라치킨공주-미아점,5,69,4.9,649,18000,3500
두레통닭-정릉점,5,13,5,5,12000,2900
자담치킨-성신여대점,5,55,4.9,638,19000,4500
맛닭꼬-미아점,5,45,4.5,382,10900,4000
서오릉피자-돈암점,5,55,4.8,124,16000,1500
스마일닭강정-미아점,5,20,4.3,3,12000,2900
순살만공격-성신보문점,5,60,4.9,128,14900,5000
프랭크버거-솔샘역점,5,40,4.7,15,9400,3500
맛짱치킨,5,42,4.6,5,15000,3000
피자나라치킨공주-서울삼선점,5,52,4.9,1064,14900,3900
바른치킨-수유점,5,40,4.9,61,16900,3500
인생콩나물국밥,5,37,4.7,176,14000,1900
BBQ-길음역점,5,42,4.5,729,15000,5000
엿날통닭(대박치킨본점),5,43,4.8,378,15000,5000
맘스터치-삼양사거리점,5,50,4.8,637,14000,4000
인생제육,5,37,4.8,677,14000,1900
큰집닭강정-종암점,5,53,4.7,252,7000,3000
땅땅치킨-수유점,5,53,4.8,266,17900,5000
오븐마루-국민대점,5,55,4.7,21,13900,2500
인생집,5,37,4.7,75,14000,1900
호식이두마리치킨-우이점,5,90,4.9,229,18000,4500
파스타입니다-길음점,5,31,4.9,1470,6000,5500
태리로제떡볶이&닭강정-미아수유점,5,21,4.9,284,16000,3400
아라치-성북점,5,49,5,1,17000,2000
와와불닭발,5,13,4.1,18,17000,2900
홍식이불닭발,5,40,4.5,237,16000,2000
핫꼬꼬,5,16,4.9,17,11000,2900
처갓집양념치킨-안암점,5,49,4.8,4164,17007,6500
쁘이치킨-미아점,5,50,4.7,57,14000,3500
번쩍피자-미아점,6,30,4.9,2116,14900,1000
파파존스피자-길음점,6,38,4.7,501,18900,2000
청년피자-성북구점,6,70,4.9,3828,16900,3500
피자헛-정릉2호점,6,34,4.7,1388,19900,2000
7번가피자-미아길음점,6,48,4.9,3842,18000,1000
도미노피자-정릉점,6,40,4.8,12,21900,2000
굽네치킨&피자-미아1호점,6,60,4.6,1135,15000,3000
스탠딩스테이크-미아점,6,75,5,40,15000,5000
폭풍토핑피자스톰-성북점,6,70,4.9,4202,15900,1000
번쩍피자-제기점,6,36,4.9,4461,14900,2000
번쩍피자-미아점,6,30,4.9,2116,14900,1000
백억커피-미아사거리점,6,55,4,4,7900,3400
피치홈-미아점,6,60,4.7,1714,14000,2000
토핑빨-본점,6,53,4.8,841,15000,1000
프레드피자-서울성북점,6,47,5,868,15900,3000
반올림피자-정릉돈암점,6,48,4.8,1577,15900,2000
몽글계란덮밥-수유점,6,55,5,1,8000,4500
모두의피자,6,56,5,1184,15900,2900
서오릉피자-돈암점,6,55,4.8,124,16000,1500
파스타스타-성신여대점,6,45,4.9,294,10000,4000
바로경양식집,6,60,4.9,302,7500,3500
피자나라치킨공주-미아점,6,69,4.9,649,18000,3500
파스타어때-수유점,6,40,4.7,32,5000,4000
파스타입니다-길음점,6,31,4.9,1470,6000,5500
착한밀푀유,6,70,5,657,15000,3500
파스타어때-성신여대본점,6,42,4.9,70,5000,3000
피자나라치킨공주-서울삼선점,6,52,4.9,1064,14900,3900
파파존스피자-길음점,6,38,4.7,501,18900,2000
돈암동피자,6,45,4.8,27,16000,4000
도로시파스타연정-성북점,6,60,5,80,10000,3500
돼지게티-서울미아점,6,60,4.8,82,14900,3500
청년피자-성북구점,6,70,4.9,3828,16900,3500
백종원의빽보이피자-고대안암점,6,41,4.9,85,14900,4500
피자헛-정릉2호점,6,34,4.7,1388,19900,2000
7번가피자-미아길음점,6,48,4.9,3842,18000,1000
도미노피자-정릉점,6,40,4.8,12,21900,2000
피자알볼로-미아길음점,6,51,4.7,1793,18000,3000
지정환임실치즈피자-길음점,6,40,4.9,110,20000,2000
명작파스타-성북점,6,54,4.9,797,9500,3400
써브웨이-삼양솔샘점,6,40,4.9,170,10000,3400
퀴즈노스-미아점,6,49,4.8,993,6000,4500
옐로우피자,6,50,4.9,1251,18000,2000
두마리찜닭두찜-강북미아점,6,30,4.9,4015,15800,2000
피자애-삼각산점,6,50,4.7,117,13000,2000
맥스피자&스파게티-본점,6,49,4.7,6,12000,3000
써브웨이-동덕여대점,6,35,4.9,3433,12900,4900
프랭크수제치즈버거-월곡점,6,40,4.9,1484,8900,4700
몬스터스테이크,6,56,4.7,116,15000,4000
이태리피자,6,50,4.1,24,14000,1500
필레오피자-미아점,6,65,4.8,82,14000,4000
피자굽네-성북점,6,50,4.3,85,14000,1500
굽네치킨&피자-미아1호점,6,60,4.6,1135,15000,3000
오렌지 몽키 파스타 & 피자,6,40,4.9,113,7000,4000
굽네치킨&피자-하월곡점,6,57,4.2,4312,15000,3000
멕시칸라이브그릴-서울길음역점,6,52,4.9,145,14000,4000
버거스타햄버거&파스타,6,55,4.9,209,10000,2800
스탠딩스테이크-미아점,6,75,5,40,15000,5000
써브웨이-정릉점,6,37,4.8,236,12000,4200
두마리찜닭두찜-정릉점,6,55,4.9,742,15800,3500
욱스텍사스바베큐,6,25,4.3,6,15000,5500
눈꽃스테이크하우스,6,50,3.7,7,12000,5000
매스플레이트-하월곡점,6,60,4.9,194,12000,4000
반이학생마라탕마라반,6,60,4.7,1410,20000,4000
피자키친아레나-수유점,6,55,5,74,14900,5000
그릴메이트,6,50,4.6,52,12900,2000
하이파스타,6,50,0,0,9900,3500
찰리네맥주집,6,42,4.9,24,15000,2900
아벡데프리츠-성신여대점,6,55,4.9,318,18000,5000
코니살롱,6,50,5,9,12000,3200
삼삼치킨-미아점,6,55,4.7,49,14000,4000
몽글계란덮밥-성북구청점,6,40,4.9,15,7500,4500
띰[Theme],6,50,0,0,15000,5000
레전드고기한상-도봉점,6,60,4.8,378,10000,3000
프랭크버거-수유시장점,6,43,4.9,26,10000,4100
플레이버,6,50,4.6,78,15000,3500
오사카함박스테이크-성신여대점,6,59,4.8,103,12000,5200
금족같은내한끼-2호점,6,49,4.9,119,8000,4500
프로마치-안암점,6,50,4.6,53,13000,6000
마라하오-강북점,6,66,4.9,141,12000,6000
브런치도시락,6,48,4.7,70,16000,4500
왓츠킹브랜드타운샵,6,50,0,0,10000,4000
생쿡쌀국수-성신여대점,6,51,4.6,37,12500,5200
몽글계란덮밥-수유점,6,55,5,1,8000,4500
백억커피-미아사거리점,6,55,4,4,7900,3400
도로시파스타연정-미아점,6,16,4.9,415,7000,3400
요녀석파스타&필라프-강북점,6,23,5,637,7000,3500
서오릉피자-월곡점,6,19,5,431,15000,2500
욕망오므라이스&돈까스-본점,6,22,4.9,607,9900,3000
써브웨이-미아사거리역점,6,49,4.8,268,5000,3500
피자애-미아본점,6,50,4.9,117,10000,100
도미노피자-미아점,6,90,4.8,949,21900,2000
아웃백-미아점,6,49,4.6,249,20000,2500
영국식인도커리[오샬],6,50,4.8,349,18000,3000
피자에땅-돈암점,6,60,4.7,2266,15900,3500
수비드야스테이크하우스,6,20,5,91,12000,3400
삿포로돈까스앤스파게티,6,25,4.7,5631,12000,4400
오늘은핫도그,6,12,4.7,89,13000,2900
1992.조.피자,6,22,4.9,96,14000,3900
피자나라치킨공주-정릉점,6,52,4.7,416,10000,2500
돈까스대왕전-미아점,6,52,4.9,1495,12000,3000
닐리파스타앤피자-북서울꿈의숲점,6,24,4.8,83,8000,4400
업텐브로피자-49호점,6,60,5,222,15900,3000
지구파스타&덮밥,6,59,4.8,18,8900,3000
그린브로스샐러드,6,21,4.9,474,12000,1900
OTSAL인도커리,6,50,5,32,18000,3000
반포식스-길음뉴타운점,6,49,4.3,27,15000,4000
부쳐샵-미아점,6,19,5,110,12000,2900
잭슨바비큐-미아점,6,16,4.3,9,28000,3400
ASAPPIZZA-수유점,6,22,4.9,21,13000,4400
마몽함박,6,17,5,54,15000,2900
반포식스-월곡점,6,49,4.7,22,15000,5000
포앤시드니-수유점,6,22,4.8,330,12000,4400
버거파크-수유지점,6,19,4.9,286,13000,3900
바삭한두끼,6,15,5,357,14000,2900
피치랑-서울정릉점,6,19,4.7,17,20000,2900
후룹파스타-장위점,6,22,5,2,12000,5400
아담만두앤파스타-신창동점,6,22,4.7,3,12900,5400
대추파스타,6,21,5,2,12000,4400
스페셜리,6,25,4.5,6,13000,4400
짬뽕취향-미아점,7,48,4.8,1657,15000,2000
신미방마라탕-길음점,7,45,5,865,13900,2000
라와마라탕-본점,7,70,4.8,4879,14900,3000
핫오리-수유점,7,36,5,5,18000,3000
애신마라탕-강북점,7,30,5,53,12000,1000
홍콩반점0410-정릉1동점,7,45,4.8,609,13000,1900
라화쿵부마라탕-성신여대점,7,55,4.8,1368,13000,4000
춘리마라탕-월곡점,7,45,4.9,591,13900,3600
화염마라탕,7,40,4.8,39,16000,2000
라사천마라탕-미아점,7,40,4.9,341,14900,2000
라사천마라탕-수유점,7,41,4.9,723,14900,3000
네모찹쌀탕수육-미아점,7,42,4.9,73,15000,2500
도깨비마라탕,7,60,4.9,165,12000,3500
반이학생마라탕마라반,7,60,4.7,1410,20000,4000
마라탕전문점샹츠마라-미아점,7,50,5,7,13900,3000
명성양꼬치-미아점,7,55,4.8,179,20000,2000
진향원마라탕-수유점,7,45,5,36,12900,3400
쌍팔반점-성북점,7,53,4.4,29,9900,3500
청해루-미아점,7,30,4.8,13,15000,1500
쉐프의생안심탕수육-강북점,7,56,4.6,489,12000,4000
1인용마라탕-미아점,7,55,4.4,7,15900,2000
하이마라탕-미아점,7,25,4.5,14,12900,3000
마라킹너희들나못이겨-미아점,7,39,4.5,33,12900,3400
상관양꼬치,7,70,4.7,89,15000,2500
마약마라탕,7,40,4.8,6,20000,3000
짜장궁,7,50,4.1,89,13000,2500
이화양꼬치&마라탕,7,50,4.7,21,13000,3000
마라하오-강북점,7,66,4.9,141,12000,6000
맛짱마라탕-수유점,7,39,5,8,12000,5000
복만루훠궈&샤브샤브,7,60,4.7,154,12000,5000
유미마라탕-미아사거리점,7,59,4.8,579,12000,2400
1989마라탕-강북점,7,55,4.8,652,15000,4500
만싱양꼬치,7,50,5,6,12000,3000
번동상회,7,60,4.9,54,16000,4500
혼민정음China-미아본점,7,60,4.3,37,15000,4000
미양마라향,7,55,4.7,208,15000,5000
삼선해물국물짜장,7,50,4.4,19,15000,2000
쎼쎼양꼬치,7,48,0,0,15000,2500
미양양꼬치&마라탕,7,55,4.8,1016,15000,5000
공룡도배부른안심탕수육&치킨-성신여대점,7,59,4.9,622,12000,4000
조가연마라탕,7,51,4.7,66,13000,4300
희야,7,73,4.9,53,12000,4000
핫오리-수유점,7,36,5,5,18000,3000
홍콩반점0410-삼양사거리점,7,51,4.7,76,13000,1900
하오하오츠,7,40,4.8,1520,15000,2000
춘리마라탕-수유점,7,30,4.9,1291,12900,3900
전국5대직화교동짬뽕,7,18,4.8,77,14000,2900
착한마라탕-강북점,7,60,4.9,149,13000,3000
라홍방-미아역점,7,17,5,128,12900,3400
탕화쿵푸마라탕-성신여대점,7,51,4.7,181,10000,3000
내손안의중식당오즈,7,51,4.7,7,15000,2500
차이홍-쌍문점,7,27,4.9,240,15000,6400
문성해물짬뽕,7,27,4.8,219,15000,5400
홍빠오,7,51,4.1,134,18000,2900
취하리,7,22,5,7,15000,5400
취하리,7,22,5,7,15000,5400
황제반점-미아점,7,12,4,7,20000,2900
일등짬뽕,7,51,4.7,90,12000,3500
차이나온,7,25,4.8,245,20000,5400
양슐랭,7,15,5,1,12000,2900
대만원-미아점,7,17,4.8,24,20000,2900
꿈에서메이린중화요리전문점,7,18,4.4,22,13000,3900
길이마라탕-국민대점,7,48,4.8,66,12000,2000
마라탕전문점소림마라-성북점,7,50,4.9,217,12000,2500
짱훠궈&마라탕,7,51,4.9,37,12000,4000
산더미국밥&냉면,7,21,4.9,76,11000,3400
청년부부양꼬치,7,19,4.7,7,20000,2900
마라킹너희들나못이겨-수유점,7,21,4.2,5,9000,5400
사미반점-미아점,7,16,0,0,14000,3400
포슈아쌀국수&두남자의볶음밥,7,50,4.8,176,12000,4000
태극쿵푸마라탕,7,48,3.9,21,7000,2000
마라유혹중경식객,7,25,4.9,433,15000,5400
정셰프의쌀짬뽕-미아점,7,20,5,3,12000,2900
강북제일대반점,7,51,4.8,145,17000,3000
중식이야기,7,19,3,1,12000,3900
직화삼겹직구삼-돈암점,8,25,4.7,239,9000,5000
쫄면주는삼겹본능by놀부-정릉점,8,55,4.9,1419,19000,3000
최고남제육명가-돈암점,8,25,4.3,23,9000,5000
닥터찬의찌개백반-성신여대점,8,60,4.8,2784,12000,3000
맛밥-삼양사거리점,8,14,4.8,515,13000,2900
한판,8,50,0,0,18000,3500
국민닭발-정릉점,8,60,4.9,2176,20000,2500
국민낙곱새-길음점,8,40,5,508,17900,2000
고기반햄반김치찌개,8,50,4.9,1392,10000,4000
몽글계란덮밥-수유점,8,55,5,1,8000,4500
더팔당매운오징어&닭발 김치찜,8,63,4.7,297,12000,3000
지랄닭발-성북점,8,50,5,311,18000,3000
심콩식당연구소,8,60,5,764,3000,3000
심콩식당연구소,8,60,5,764,3000,3000
1인용묵은지김치찜-미아점,8,55,4.8,83,13000,2000
착한국밥2호점,8,58,5,371,10000,3500
조마루감자탕-미아점,8,12,4.9,347,18000,2900
100년서서갈비-하월곡점,8,29,4.9,1910,13000,3400
100년서서갈비,8,40,4.8,3026,13000,4200
고기듬뿍미트박스-성북점,8,51,4.8,468,5000,3000
찐콩나물국밥,8,16,5,1,13000,2900
한술식당-길음본점,8,55,4.9,798,9000,3400
P씨네24시부엌-미아점,8,50,4.6,57,10000,1500
착한밀푀유,8,70,5,657,15000,3500
신불닭발,8,50,4.7,526,14000,2000
신의주찹쌀순대-정릉점,8,18,4.9,209,15000,2900
양많은눈꽃육회&육회비빔밥,8,12,4.9,220,17900,900
인생콩나물국밥,8,37,4.7,176,14000,1900
오리도니-미아점,8,60,5,296,17000,3000
담꾹-수유시장점,8,11,4.9,549,25000,500
바로덮밥-수유점,8,60,4.9,714,7500,3500
지창우낙곱새,8,30,5,9,20000,4500
옥수동묵은지김치찜-길음점,8,55,4.8,97,14000,3000
육회&연어-미아본점,8,40,4.8,4053,9900,3000
한사바리해장국-미아점,8,39,4.9,399,11000,4000
인생제육,8,37,4.8,677,14000,1900
곱창다방-강북점,8,49,5,30,15000,2000
육전냉면by설식당-미아점,8,19,4.8,483,12000,1900
동궁찜닭-서울성북삼선점,8,40,4.9,24,19000,3000
수유불닭발,8,50,4.8,983,16000,2500
제육대가-미아역점,8,17,4.8,56,5000,3400
윤이불닭발-성북구청점,8,61,5,146,12000,2000
77년생곱도리식당-수유점,8,50,5,1,18000,4000
지랄닭발-수유점,8,63,4.9,542,16000,4000
산더미국밥&냉면,8,21,4.9,76,11000,3400
인생집,8,37,4.7,75,14000,1900
손큰할매순대국-국민대점,8,25,4.8,19,13000,3000
24시미아감자탕,8,50,4.9,1914,18000,4500
홍식이불닭발,8,40,4.5,237,16000,2000
담소소사골순대육개장-수유시장점,8,21,4.9,8,12000,3400
대물림남원추어탕,8,17,4.9,66,13000,3400
연안식당-미아역점,8,40,4.9,63,16900,2900
담소소사골순대국육개장-미아역점,8,50,4.7,175,12000,3000
완미족발-수유점,8,49,5,2,20000,4000
혼곱혼자즐기는곱창-정릉동점,8,60,4.9,321,13000,3000
왕빈자삼파전-미아본점,8,68,4.8,2391,10000,4000
대머리곱창-본점,8,40,5,93,22000,2500
두마리찜닭두찜-강북미아점,8,26,4.9,4015,15800,2000
오늘은불닭발-강북미아점,8,45,5,3,12000,3000
떳다왕만두-직영점,8,31,5,187,12500,1500
행운포차,8,50,4.8,319,16000,3500
혼밥짜그리-미아점,8,21,5,41,8000,3400
두리닭발-성신여대점,8,40,4.9,636,15000,3500
소소한곱창-미아점,8,50,4.8,94,30000,2000
고기반김치반반반김치찜-미아점,8,49,5,1,11900,3500
광장시장먹거리장터,8,60,4.8,1322,18000,2500
자꾸자꾸먹고싶은삼겹살-미아점,8,53,4.8,69,12000,2500
도시락엔-미아점,8,38,4.8,17,13000,2900
구백냥곱창-외대점,8,60,4.9,745,9900,5400
원조웰빙용두동쭈꾸미,8,20,4.9,85,13000,3400
1인용이태원부대찌개-미아점,8,61,4.7,23,15500,3000
USA존슨부대찌개-미아점,8,51,4,1,13000,2000
육회한연어-수유점,8,50,4.9,1809,11000,3500
혼밥대왕-수유점,8,60,5,30,8400,4500
오도씨곱창,8,20,5,33,20000,2900
대관랑,8,45,0,0,20000,5000
왕십리인생곱창연탄구이,8,40,4.9,211,14900,3500
소호랑한우육회,8,50,5,2,12000,3900
진심담은된장찌개진된장-수유본점,8,20,4.9,381,5000,3400
원조한우곱도리탕윤반장-강북점,8,56,5,176,21900,3500
마약김치찜과갈비찜,8,50,4.8,41,20000,3000
담음마음을담은죽-미아점,8,50,4.9,186,10000,2500
매우당매운갈비찜-성북점,8,50,4.9,62,14000,3000
골목식당-강북점,8,50,4.8,199,9000,3500
미아회관,8,25,4.8,82,12000,3400
옆집떡볶이-미아점,8,45,4.8,6918,14000,2500
노포막회-2호수유점,8,52,0,0,20000,3000
라와마라탕-본점,8,70,4.8,4880,14900,3000
황학동곱창and막창,8,60,4.8,1043,14000,5000
숯불고기냉면&고기비빔밥-성신여대점,8,40,4.7,79,9000,3900
몽글계란덮밥-성북구청점,8,50,4.9,15,7500,4500
일미리금계찜닭-서울미아점,8,50,4.8,40,15000,3000
송연95닭갈비,8,60,5,91,12000,2500
찰리네맥주집,8,42,4.9,24,15000,2900
고기반햄반김치찌개-하월곡점,8,50,5,4,15000,3000
페스티발곱창,8,40,4.7,99,23000,3000
삼양족발,8,49,0,0,30000,3000
숯불고기냉면&고기비빔밥-성신여대점,8,40,4.7,79,9000,3900
몽글계란덮밥-성북구청점,8,50,4.9,15,7500,4500
일미리금계찜닭-서울미아점,8,50,4.8,40,15000,3000
송연95닭갈비,8,60,5,91,12000,2500
찰리네맥주집,8,42,4.9,24,15000,2900
통큰할매순대국-장위점,8,26,4.9,79,15000,4400
고기반햄반김치찌개-하월곡점,8,50,5,4,15000,3000
페스티발곱창,8,40,4.7,99,23000,3000
30년불멸의닭발-수유점,8,22,4.8,200,5000,2900
조선아구찜-강북점,8,60,4.8,16,18000,2500
고기반김치반반반김치찜-미아점,8,49,5,1,11900,3500
오봉집-미아점,8,50,4.9,214,15000,5000
대한김치찜,8,23,4.9,136,10000,4400
명인소곱창,8,50,4.5,69,17000,3000
맵땡쭈꾸미비스트로-월곡점,8,45,4.9,214,20000,3500
봉추찜닭-미아점,8,40,4.6,439,21000,2000
윤이불닭발-수유점,8,42,4.8,20,12000,3000
레전드고기한상-도봉점,8,60,4.8,378,10000,3000
30년전통춘천닭갈비-안암점,8,50,4.7,47,17000,3000
오메카츠&차슈,9,50,4.9,256,10000,2000
육회&연어-미아본점,9,50,4.8,4053,9900,3000
육회한연어-수유점,9,60,4.9,1809,11000,3500
삿포로돈까스앤스파게티,9,25,4.7,5631,12000,4400
이찌방라멘&카츠카레-강북수유점,9,50,5,11,12000,5000
청년육회-수유본점,9,55,4.6,23,14000,3500
오메카츠&차슈,9,50,4.9,256,10000,2000
돈카와치-미아점,9,40,4.9,221,14000,2500
바다생협회마니-정릉점,9,50,4.9,318,13000,2900
스시화-성북점,9,45,0,0,8000,3000
청춘닭꼬치-정릉점,9,50,5,60,12000,2900
이어도참치,9,23,4.9,1003,10000,2000
육회촌연어리,9,24,5,964,9900,4500
사랑해타코야끼,9,16,4.9,87,12000,2900
진주품은-길음점,9,17,4.9,1151,15000,3400
명문참치,9,16,4.9,137,30000,3400
바다생협-길음점,9,19,4.9,239,25000,2900
육회랑연어랑-삼양본점,9,48,4.7,328,13000,3000
미찐야끼,9,22,4.9,294,12500,2900
대장금-바다회전문점,9,60,4.9,439,21000,4000
77년생곱도리식당-수유점,9,50,5,1,18000,4000
스시와다,9,55,4.8,326,14000,3000
청년어부초밥-수유점,9,22,4.6,19,15000,4400
송주불냉면&수제왕돈까스-수유미아점,9,19,4.9,1733,10000,2900
비젼참치-강북구청앞수유점,9,35,4.9,64,18000,4000
모모타코야끼,9,50,4.9,3123,11000,3500
The수제돈까스&슬러시불냉면(강북점),9,21,4.9,3173,8500,4400
난바우동-미아점,9,18,4.8,9,12000,3900
한사라참치,9,53,4.9,546,25000,3500
보스참치-강북구점,9,53,5,51,18000,3000
오준환의찬란한주방,9,30,4.7,27,19000,3500
이흥선참치-미아직영점,9,60,4.6,223,30000,3000
바다수산-미아사거리점,9,16,4.9,104,20000,3400
팔딱팔딱어시장,9,57,4.9,127,20000,3000
회이크아웃,9,38,4.9,48,15000,3000
정참치-본점,9,48,4.5,58,15000,1000
사랑을담은포장회,9,30,4.8,295,20000,3000
육회를사랑한연어,9,48,4.8,115,13000,3000
송현초밥,9,50,4.8,2018,15000,4000
스시도리,9,25,4.8,73,15000,4400
노량진수산시장벌교아줌마,9,90,4.7,1033,13000,10000
희야,9,90,4.9,53,12000,4000
숙성회전문점-행복회로,9,63,4.9,42,20000,4000
미삼참치,9,44,4.9,249,20000,7000
인생콩나물국밥,9,29,4.7,176,14000,1900
대명대광어횟집,9,19,5,10,19900,3900
인생제육,9,34,4.8,677,14000,1900
최고돈,9,17,4.5,4,12000,3400
광어두마리-미아점,9,40,4.9,54,17000,5000
돈까스&카레전문점돈카춘-수유점,9,26,4.9,165,13000,4900
가마솥돈까스갓츠킹-수유점,9,21,4.9,50,13000,4400
오빠생각타코야끼,9,60,4.9,1153,11000,4000
연어사랑,9,60,4.9,440,15000,5000
스시현-한성대본점,9,35,4.9,880,15000,4000
인생집,9,37,4.7,75,14000,1900
또바기회수산,9,16,4.7,16,25000,3900
빨래골윤수산,9,60,4.8,303,20000,4000
89번가-돈암점,9,52,0,0,18000,3000
하나스숙성회전문점,9,16,5,3,13000,3400
고메당,9,24,4.7,110,14000,4400
숙성회와물회가맛있는집청춘,9,57,4.9,37,25000,5000
도시락엔-미아점,9,38,4.8,17,13000,2900
스시회마차초밥&제철막회전문점,9,60,4.8,35,20000,5000
연어덮밥대가,9,55,4.9,31,9900,6200
노량진수산시장벌교아저씨,9,90,4.6,19,13000,5000
스시광-미아역점,9,21,5,36,14000,3400
줄스시오,9,60,4.9,686,13900,6500
아카스시&사시미전문점,9,70,4.9,65,14000,5400
구찌짱,9,17,4.8,11,12000,3400
독도게찜-수유점,9,24,5,7,30000,4400
막퍼주는참치-수유점,9,56,4.9,165,19000,5000
몬스터스테이크,9,57,4.7,116,15000,4000
뜨자고횟집,9,22,5,12,25000,4400
싸다김밥-성신여대역점,9,38,4.6,127,12000,5000
두껍다회선생,9,55,4.8,28,20000,3000
더주샤,9,52,3,3,16000,4000
등촌샤브칼국수-수유점,9,14,5,215,24000,4400
유메초밥,9,19,4.8,99,18000,4400
경호야초밥,9,55,4.9,1324,18000,5500
광수육회-길음점,9,50,5,83,15000,3500
모찌네타코야끼콩떡빙수-번동점,9,25,5,53,11000,5400
419초밥,9,58,4.9,652,11000,5000
이백장돈가스-수유점,9,52,5,7,10000,6000
어도참치,9,23,4.5,17,15000,6400
비젼참치앤스시-우이점,9,23,0,0,17000,6400
화랑수산,9,14,4.8,57,20000,3900
스시판판,9,60,4.9,244,16000,6500
풍천민물장어-미아점,9,21,3,2,24000,3400
조선날개,9,55,5,2,15000,3600
가영이네,9,24,4.6,9,15000,4400
신군포차-길음점,9,17,0,0,13000,3400
브런치도시락,9,48,4.7,70,16000,4500
달리는려석들-미아점,9,49,4.7,12,15000,4000
새우다,9,22,5,11,13000,5400
풍천장어-수유시장점,9,18,0,0,30000,3400
오사카함박스테이크-성신여대점,9,59,4.8,103,12000,5200
레게노돈삼닭,9,51,4.3,3,12000,7900
77년생곱도리식당-수유점,9,50,5,1,18000,4000
이찌방라멘&카츠카레-강북수유점,9,50,5,11,12000,5000
스시화-성북점,9,45,0,0,8000,3000
멘부리-수유점,9,22,5,716,9000,3000
주대국초밥집,9,18,5,2124,15000,2900
돈까스대왕전-미아점,9,48,4.9,1495,12000,3000
초밥좋은날,9,60,4.9,4653,14500,3000
정담초밥-길음점,9,50,4.9,2639,15000,2000
돈까스짱-삼양사거리점,9,11,5,144,13000,2900
스시히카리,9,52,4.8,391,14000,3000
솔향스시&복순이네탕집,9,17,4.8,325,11000,2900
바삭한두끼,9,15,5,357,14000,2900
스시공방,9,53,5,98,15000,1500
호랑이초밥-고대점,9,52,4.9,351,15000,3500
국수나무-길음뉴타운점,9,52,4.7,509,15000,3500
돈시락,9,52,5,38,11000,3000
수비드카츠야,9,21,5,50,9900,3400
차고집냉면-강북점,9,20,4.9,4139,5000,3500
야미가-정릉점,9,52,4.6,320,15000,3000
스쿨푸드-미아사거리점,9,54,4.9,241,13000,2500
낭만덮밥,9,52,4.7,39,14000,3500
구구족-강북미아점,10,36,4.9,240,16900,2000
삼거리족발,10,60,4.9,394,30000,6000
족발야시장-수유역점,10,40,4.8,8595,30000,2000
광명족발-본점,10,34,4.9,152,20000,1000
인생보쌈-수유점,10,17,4.9,284,15000,500
완미족발-수유점,10,49,5,2,20000,4000
43년전통성북왕족발,10,50,4.9,1354,20000,3000
정릉시장한방족발,10,60,4.9,230,5000,2000
족발야시장-성신여대점,10,50,4.8,2297,23000,2000
삼양족발,10,49,0,0,30000,3000
한결보쌈-성신여대점,10,45,4.9,20,12000,2500
족발야시장-미아사거리점,10,50,4.7,3747,30000,2000
진흥왕족발,10,38,4.9,560,20000,1000
구구족-강북미아점,10,36,4.9,240,16900,2000
일만족발 미아본점,10,50,4.9,505,19900,1900
귀한족발-삼양사거리점,10,13,5,6,25000,1900
참족발-본점,10,48,5,11,19000,1000
귀한족발-수유직영점,10,46,4.9,743,29000,3000
착한족발-미아삼양점,10,40,4.9,134,15000,3000
잭아저씨족발보쌈-본점,10,50,4.8,4690,30000,4000
핫오리-수유점,10,33,5,5,18000,3000
핫오리-수유점,10,33,5,5,18000,3000
족선생-한성대점,10,50,4.6,734,18000,2000
가장맛있는족발-정릉점,10,46,4.9,298,24000,3000
귀한족발-본점,10,49,4.9,2089,26000,4000
따스한온족-월곡본점,10,53,4.6,818,20000,3000
대마족발-정릉점,10,28,4.9,472,20000,3000
튀김족발홍능족발1977,10,50,4.9,526,25000,2000
무치다무침&수육,10,21,5,83,14000,2900
귀한족발-종암점,10,35,4.8,30,26000,3500
오리와함께면-정릉점,10,55,5,19,20000,3000
마왕족발-미아사거리점,10,61,4.9,856,27000,3500
황가왕족발-장위점,10,50,4.6,202,20000,3000
장수왕족발보쌈-본점,10,60,4.6,308,20000,2000
원할머니보쌈-정릉점,10,50,4.8,277,27000,3000
창신동옥천매운족발,10,50,4.6,38,18000,2000
역족-튀김족발&묵은지보쌈,10,40,4.8,498,20000,3000
성수족발-수유점,10,50,4.6,92,29000,2000
오리도니-미아점,10,60,5,296,17000,3000
번동골보쌈족발,10,40,4.2,92,25000,3000
백년시장 한방족발,10,49,4.8,26,5000,2000
오백집모자족발-본점,10,40,4.6,496,30000,5000
미가족발-미아점,10,40,4.9,19,25000,3000
장충할매왕족발보쌈,10,48,4.9,18,18000,6500
성북영양왕족발전문,10,52,4.4,236,20000,3000
미아삼거리창신동매운족발,10,17,4.9,55,20000,3400
가장맛있는족발-수유점,10,24,4.4,58,28000,4400
족발3시30분-종암점,10,41,4.8,16,25000,4000
딸랑구족발,10,60,5,89,18000,3500
성북오향족발,10,60,4.5,442,30000,4000
마왕족발,10,66,4.8,1410,25000,7000
흥부족발보쌈,10,17,3.7,3,25000,3400
현주식당-수유점,10,23,4.6,82,9000,3900
통큰허브족발-월곡점,10,20,5,6,20000,4400
나홀로보쌈,10,49,4.4,30,19000,3000
청춘만족,10,17,5,6,20000,3400
삼거리족발,10,60,4.9,394,30000,6000
창신동매운족발-강북직영점,10,22,4.3,6,25000,4400
보승회관,10,21,4.9,16,13000,4400
오봉집-미아점,10,50,4.9,214,15000,5000
금족같은내한끼-2호점,10,49,4.9,119,8000,4500
매일삶는족족,10,45,5,28,18000,6000
이해무왕족발-미아점,10,52,5,6,15000,3500
신창족발,10,22,4,14,25000,5400
금족같은내한끼-용두점,10,49,4.8,352,8000,3000
왕족-용두동점,10,49,4.8,720,28000,2000
창대매운족발,10,52,4.8,12,25000,7900
해장요리전문점해장쿡-강북점,10,60,4.9,309,12000,5000
도경족발,10,48,0,0,20000,3500
족보애-본점,10,52,4.9,60,30000,5500
오봉화로닭발,10,50,4.8,24,18000,3000
호랑이광장,10,15,5,1,16000,1900
코리안(KOREAN)명품족발,10,22,0,0,30000,5400
핫오리-수유점,10,33,5,5,18000,3000
완미족발-수유점,10,49,5,2,20000,4000
삼양족발,10,49,0,0,30000,3000
대민족-본점,10,16,4.7,26,11000,3400
명동칼국수-수유미아점,10,19,4.2,6,14000,3900
이정복수제족발,10,48,3.5,2,17000,1000
삼형제보쌈족발1880,10,49,4.4,32,18000,2500
토방보쌈,10,17,4.9,51,30000,3500
BHC-미아점,11,50,4.9,11109,16000,3000
굽네치킨&피자-하월곡점,11,49,4.2,4312,15000,3000
네네치킨-정릉점,11,49,4.6,1622,16000,3000
또래오래-미아사거리역점,11,50,4.8,238,15000,4000
페리카나-정릉행복점,11,43,4.6,197,16000,2000
직화삼겹직구삼-돈암점,11,25,4.7,239,9000,5000
디디치킨-미아점,11,60,4.7,522,15000,4500
폭풍토핑피자스톰-성북점,11,70,4.9,4202,15900,1000
육회&연어-미아본점,11,53,4.8,4053,9900,3000
지코바치킨-서울수유1호점,11,55,4.9,7231,16000,2000
노포막회-2호수유점,11,52,0,0,20000,3000
번쩍피자-미아점,11,35,4.9,2116,14900,1000
족발야시장-수유역점,11,40,4.8,8595,30000,2000
요이타코,11,38,5,166,5000,3000
이찌방라멘&카츠카레-강북수유점,11,50,5,11,12000,5000
닥터찬의찌개백반-성신여대점,11,60,4.8,2784,12000,3000
지랄닭발-성북점,11,50,5,311,18000,3000
후라이드참잘하는집-미아점,11,61,4.7,1917,10000,2000
모모타코야끼,11,50,4.9,3123,11000,3500
옆집떡볶이-미아점,11,45,4.8,6918,14000,2500
토핑빨-본점,11,46,4.8,841,15000,1000
파무쳐두마리파닭,11,61,4.4,780,15000,1000
국민닭발-정릉점,11,51,4.9,2176,20000,2500
모두의피자,11,58,5,1184,15900,2900
지코바치킨-돈암1호점,11,40,4.9,2725,17000,3000
완미족발-수유점,11,49,5,2,20000,4000
라와마라탕-본점,11,70,4.8,4880,14900,3000
신불닭발,11,50,4.7,526,14000,2000
한결보쌈-성신여대점,11,45,4.9,20,12000,2500
육회한연어-수유점,11,50,4.9,1809,11000,3500
일만족발 미아본점,11,50,4.9,505,19900,1900
프레드피자-서울성북점,11,51,5,869,15900,3000
노랑통닭-미아점,11,61,4.7,2505,17000,3000
청춘닭꼬치-정릉점,11,50,5,60,12000,2900
국민낙곱새-길음점,11,40,5,508,17900,2000
곱창다방-강북점,11,48,5,30,15000,2000
규리네과일가게-강북점,11,50,5,10,13000,4500
처갓집양념치킨-삼양점,11,57,4.9,5395,16000,2000
고기듬뿍미트박스-성북점,11,50,4.8,468,5000,3000
P씨네24시부엌-미아점,11,53,4.6,57,10000,1500
화채꽃-길음점,11,54,4.9,438,14000,3000
파스타어때-수유점,11,38,4.7,32,5000,4000
담음마음을담은죽-미아점,11,50,4.9,186,10000,2500
닥엔돈스쪽갈비-미아점,11,55,5,93,19000,1000
족발야시장-성신여대점,11,50,4.8,2297,30000,2000
인생콩나물국밥,11,29,4.7,176,14000,1900
파스타어때-성신여대본점,11,30,4.9,70,5000,3000
백억커피-미아사거리점,11,53,4,4,7900,3400
BHC-미아점,11,50,4.9,11109,16000,3000
불아더두마리숯불바베큐-하월곡점,11,60,5,41,15000,2500
윤이불닭발-성북구청점,11,57,5,146,12000,2000
지랄닭발-수유점,11,60,4.9,542,16000,4000
카페145-수유점,11,57,5,14,8000,3900
인생제육,11,34,4.8,677,14000,1900
홍식이불닭발,11,40,4.5,237,16000,2000
순살만공격-강북송천점,11,55,4.8,152,14000,2600
혼곱혼자즐기는곱창-정릉동점,11,61,4.9,321,13000,3000
한판,11,49,0,0,18000,3500
더팔당매운오징어&닭발 김치찜,11,60,4.7,297,12000,3000
구구족-강북미아점,11,36,4.9,240,16900,2000
착한족발-미아삼양점,11,40,4.9,134,15000,3000
크로플각-월곡점,11,51,5,723,12000,2900
롯데리아-미아삼거리점,11,50,4.7,2913,10000,3500
떡순튀-미아수유점,11,49,4.8,115,12000,3000
푸라닭-성신여대점,11,40,4.9,2525,16900,4000
옥수동묵은지김치찜-길음점,11,55,4.8,97,14000,3000
바로덮밥-수유점,11,60,4.9,714,7500,3500
라사천마라탕-수유점,11,40,4.9,723,14900,3000
닭강정공방-삼양미아점,11,49,0,0,16000,3000
족발야시장-미아사거리점,11,50,4.7,3747,30000,2000
수유불닭발,11,50,4.8,983,16000,2500
네모찹쌀탕수육-미아점,11,50,4.9,73,15000,2500
손큰할매순대국-국민대점,11,33,4.8,19,13000,3000
노랑통닭-정릉점,11,60,4.6,1174,16000,2500
오빠생각타코야끼,11,60,4.9,1153,11000,4000
롯데리아-길음뉴타운점,11,30,4.6,1491,10000,3500
60계-정릉점,11,50,4.5,583,15900,2500
돼지게티-서울미아점,11,57,4.8,82,14900,3500
명성양꼬치-미아점,11,55,4.8,179,20000,2000
구백냥곱창-외대점,11,65,4.9,745,9900,5400
족선생-한성대점,11,50,4.6,734,18000,2000
파스타스타-성신여대점,11,46,4.9,294,10000,4000
웁스떡볶이-미아점,11,50,4.5,547,14000,3000
행운포차,11,50,4.8,319,16000,3500
큰집닭강정-정릉점,11,49,4.9,264,13000,3000
맥주공장,11,50,4.7,97,15000,3500
찰리네맥주집,11,42,4.9,24,15000,2900
소소한곱창-미아점,11,50,4.8,94,30000,2000
와우곱창막창,11,60,4.4,807,18000,1000
왕빈자삼파전-미아본점,11,60,4.8,2391,10000,4000
대장금-바다회전문점,11,60,4.9,439,21000,4000
라사천마라탕-미아점,11,40,4.9,341,14900,2000
귀한족발-수유직영점,11,46,4.9,743,29000,3000
치킨매니아-미아사거리점,11,53,4.7,417,18000,2000
하니제육,11,35,4.8,14,11500,2500
오늘은불닭발-강북미아점,11,45,5,3,12000,3000
마약아구찜과해물찜,11,50,4.9,39,20000,3000
인생집,11,37,4.7,75,14000,1900
광장시장먹거리장터,11,60,4.8,1322,18000,2500
한사바리해장국-미아점,11,35,4.9,399,11000,4000
굽네치킨&피자-하월곡점,11,61,4.2,4312,15000,3000
쌍팔반점-성북점,11,52,4.4,29,9900,3500
꾸브라꼬숯불두마리치킨-미아점,11,60,5,429,16000,3500
두리닭발-성신여대점,11,50,4.9,636,15000,3500
처갓집양념치킨-정릉점,11,37,4.8,759,16000,3000
24시미아감자탕,11,50,4.9,1914,18000,4500
도시락엔-미아점,11,38,4.8,17,13000,2900
잭아저씨족발보쌈-본점,11,50,4.8,4690,30000,4000
쭈꾸미달인-성신여대점,11,60,4.8,74,15000,3000
귀한족발-본점,11,49,4.9,2089,26000,4000
보스참치-강북구점,11,53,5,51,18000,3000
쥬씨-차얌정릉시장점,11,50,4.8,56,9900,3500
왕십리인생곱창연탄구이,11,40,4.9,211,14900,3500
마라킹너희들나못이겨-미아점,11,39,4.5,33,12900,3400
회이크아웃,11,38,4.9,48,15000,3000
오준환의찬란한주방,11,30,4.7,27,19000,3500
코니살롱,11,45,5,9,12000,3200
떳다왕만두-직영점,12,40,5,187,12500,1500
옆집떡볶이-미아점,12,45,4.8,6918,14000,2500
걸작떡볶이치킨-길음미아뉴타운점,12,44,4.8,3215,15000,2500
가위바위떡,12,49,0,0,12000,5500
모모타코야끼,12,50,4.9,3123,11000,3500
동대문엽기떡볶이-길음점,12,60,4.8,512,14000,3500
동대문엽기떡볶이-성신여대점,12,60,4.7,737,14000,4000
소소떡볶이-길음점,12,30,4.9,31,12000,3000
신전떡볶이-정릉점,12,44,4.9,458,11000,3000
떡순튀-미아수유점,12,49,4.8,115,12000,3000
동대문엽기떡볶이-미아역점,12,60,4.5,1666,22000,3000
떡참떡볶이참잘하는집-강북미아점,12,17,4.9,543,14000,2900
동대문엽기떡볶이-정릉점,12,55,4.5,299,14000,3000
태리로제떡볶이&닭강정-미아수유점,12,21,4.9,284,16000,3400
배떡-길음점,12,49,4.9,504,12000,4500
동대문엽기떡볶이-미아삼거리점,12,50,4.4,1103,22000,3000
오빠생각타코야끼,12,59,4.9,1153,11000,4000
응급실국물떡볶이-강북삼양점,12,14,4.8,132,14000,2900
웁스떡볶이-미아점,12,50,4.5,547,14000,3000
전설의왕만두,12,16,5,58,12500,2900
아리랑우동집,12,19,4.8,67,12000,2900
맥주공장,12,50,4.7,97,15000,3500
응급실국물떡볶이-쌍문역점,12,52,4.9,1016,15000,4900
유자유김치떡볶이-본점,12,48,4.8,2355,14500,5500
청담곱떡-수유점,12,40,4.8,42,12000,3000
요이타코,12,39,5,166,5000,3000
P씨네24시부엌-미아점,12,57,4.6,57,10000,1500
요녀석파스타&필라프-강북점,12,23,5,637,7000,3500
국대떡볶이-길음점,12,17,4.5,364,10000,3400
지랄닭발-성북점,12,53,5,311,18000,3000
배떡-장위점,12,50,4.8,682,12000,6000
고기듬뿍미트박스-성북점,12,50,4.8,468,5000,3000
김밥스토리-번동점,12,25,4.4,36,10000,4400
모찌네타코야끼콩떡빙수-번동점,12,25,5,53,11000,5400
정릉시장한방족발,12,52,4.9,230,5000,2000
싸다김밥-성신여대역점,12,40,4.6,127,12000,5000
걸작떡볶이치킨-수유점,12,42,4.9,382,18000,4000
인생콩나물국밥,12,32,4.7,176,14000,1900
감탄떡볶이-수유역점,12,22,4.9,984,14000,4400
미니웁스떡볶이-미아점,12,50,4,3,14000,3000
오매떡-동덕여대점,12,51,5,57,14000,6500
담꾹-수유시장점,12,12,4.9,549,25000,500
인생제육,12,30,4.8,677,14000,1900
돼지게티-서울미아점,12,60,4.8,82,14900,3500
사랑해타코야끼,12,19,4.9,87,12000,2900
곱창다방-강북점,12,48,5,30,15000,2000
파스타어때-수유점,12,33,4.7,32,5000,4000
인생집,12,37,4.7,75,14000,1900
미스터숯불꼬치-미아사거리본점,12,50,4.8,124,20000,4500
Oops떡볶이-미아점,12,60,4.7,31,14000,3000
불아더두마리숯불바베큐-하월곡점,12,60,5,41,15000,2500
집나간왕만두,12,21,5,4,15000,5400
뚱스밥버거-미아점,12,57,4.7,288,13000,3500
범프리카인생치킨-미아점,12,52,4.8,355,15500,2000
만두퍼드림,12,23,5,20,10000,6400
산더미국밥&냉면,12,21,4.9,76,11000,3400
꾸브라꼬포장마차떡볶이-미아점,12,51,0,0,16000,3500
포앤시드니-수유점,12,22,4.8,330,12000,4400
명품부산어묵,12,30,4.3,18,15000,3000
가영이네,12,24,4.6,9,15000,4400
혼떡-본점,12,50,0,0,8000,2500
현주식당-수유점,12,23,4.6,82,9000,3900
내가찜한떡볶이내떡-수유점,12,20,0,0,12000,4400
찰리네맥주집,12,42,4.9,24,15000,2900
닥치고떡볶이-정릉점,12,50,4.7,37,14900,3000
골목식당-강북점,12,50,4.8,199,9000,3500
낭만치맥-미아사거리점,12,45,4.9,16,15000,2000
원조웰빙용두동쭈꾸미,12,20,4.9,85,13000,3400
쌍팔반점-성북점,12,47,4.4,29,9900,3500
벼락떡볶이-성북점,12,50,4.7,554,15000,4000
보승회관,12,20,4.9,16,13000,4400
레전드고기한상-도봉점,12,50,4.8,378,10000,3000
대한맥주집-성신여대점,12,55,4.9,53,11000,3000
로드락후라이드-미아역점,12,50,4.8,143,15000,6000
삼삼치킨-미아점,12,67,4.7,49,14000,4000
광수육회-길음점,12,50,5,83,15000,3500
백년시장 한방족발,12,49,4.8,26,5000,2000
서울참맛죽,12,50,4.8,24,15000,3900
최고돈,12,17,4.5,4,12000,3400
필레오피자-미아점,12,60,4.8,82,14000,4000
엿날통닭(대박치킨본점),12,40,4.8,378,15000,5000
을지로골뱅이-쌍문점,12,22,4.5,40,15000,4400
가장맛있는족발-수유점,12,24,4.4,58,28000,4400
89번가-돈암점,12,51,0,0,18000,3000
족발3시30분-종암점,12,41,4.8,16,25000,4000
와와불닭발,12,13,4.1,18,17000,2900
신군포차-길음점,12,17,0,0,13000,3400
하이파스타,12,51,0,0,9900,3500
야식한잔,12,51,5,2,12000,4000
청년부부양꼬치,12,19,4.7,7,20000,2900
알코하임혼술&야식,12,51,5,4,12000,4000
채육식당-강북수유점,12,68,4.9,23,12500,5500
왓츠킹브랜드타운샵,12,51,0,0,10000,4000
CF바베큐치킨-동덕여대점,12,21,4.8,40,11000,4400
땡전,12,25,5,3,18000,4400
누가쏠래-수유점,12,17,5,1,19000,3400
육두막,12,24,3.2,5,15000,4400
가위바위떡,12,49,0,0,12000,5500
스쿨푸드-미아사거리점,12,50,4.9,241,13000,2500
걸작떡볶이치킨-월곡점,12,70,4.9,5187,15000,3000
김가네-길음뉴타운점,12,50,4.5,900,16000,3000
고봉민김밥인-강북미아점,12,20,4.8,1792,10000,3400
33떡볶이-길음뉴타운점,12,50,4.8,362,14000,3000
청년다방-미아뉴타운점,12,50,4.8,98,15000,2000
은사즉석떡볶이-미아점,12,11,4.9,918,12000,2900
꿈의김밥-길음점,12,20,4.8,63,5000,2900
바르다김선생-길음뉴타운점,12,50,4.7,1357,14000,2500
길음동불난집떡볶이,12,50,4.9,197,15000,3000
행운꼬마김밥,12,20,4.9,118,12000,3400
오국물떡볶이,12,19,4.9,48,13000,2900
버무리떡볶이-길음뉴타운점,12,50,4.7,690,15000,3000
김밥천국-수유사거리점,12,51,4.6,1617,10000,4500
최고김밥-하월곡점,12,23,4.9,138,12000,3900
감탄떡볶이-월곡점,12,21,4.9,201,10000,3900
신전떡볶이-미아창문여고점,12,22,4.7,326,16000,3400
명성왕만두-미아점,12,12,4.9,52,10000,2900
생강김밥-미아사거리역점,12,19,4.9,58,11000,2900
엄청자신있는손만두,12,51,4.8,46,10000,3000
가오리떡볶이,12,50,5,47,10000,4400
주대국초밥집,12,18,5,2125,15000,2900
봉명동내커피-성북구점,13,40,5,25,9000,3600
화채꽃-길음점,13,54,4.9,438,14000,3000
봉명동내커피-성북구점,13,40,5,25,9000,3600
파리바게뜨-미아풍림점,13,60,4.9,1797,12000,2200
배스킨라빈스-삼양시장점,13,60,4.9,33,13500,3000
뚜레쥬르-카페수유역점,13,21,4.8,842,12000,4400
요이타코,13,39,5,166,5000,3000
포트캔커피-삼양사거리점,13,16,4.9,212,12000,2500
이디야커피-삼양사거리점,13,60,4.9,374,10000,1900
백억커피-미아사거리점,13,53,4,4,7900,3400
갈팡즙팡과일디저트카페-강북점,13,60,4.8,52,15000,4000
설빙-고대점,13,60,4.9,1520,13900,3500
메가MGC커피-정릉역점,13,32,4.6,54,9000,2500
크로플각-월곡점,13,51,5,723,12000,2900
규리네과일가게-강북점,13,55,5,10,13000,4500
화채꽃-길음점,13,54,4.9,438,14000,3000
커피베이-삼양사거리역점,13,55,5,105,6000,2500
파리바게뜨-미아중앙점,13,60,4.9,1713,12000,2200
파리바게뜨-정릉제일점,13,60,4.9,3826,12000,2200
카페145-수유점,13,55,5,14,8000,3900
던킨-길음뉴타운점,13,60,4.9,1609,13000,3000
파리바게뜨-길음동부점,13,60,4.9,2741,12000,2200
봉명동내커피-성북구점,13,40,5,25,9000,3600
"과일에반하다,프루타-길음점",13,18,4.4,11,12000,2900
크로플각-수유점,13,21,5,501,9000,3400
파리바게뜨-미아풍림점,13,60,4.9,1797,12000,2200
와플대학-삼양캠퍼스점,13,47,5,119,12000,3000
쥬씨-차얌정릉시장점,13,50,4.8,56,9900,3500
파리바게뜨-삼양시장점,13,60,4.9,1116,12000,2200
크로플홀릭-본점,13,22,5,181,10000,2400
파리바게뜨-북한산시티점,13,60,4.8,1405,12000,2200
배스킨라빈스-미아역점,13,60,4.8,568,13500,3000
배스킨라빈스-하월곡점,13,60,4.8,772,13500,3000
스톤커피,13,50,5,4,5000,3000
아무거나톡톡-성신여대점,13,43,5,21,10000,3000
파리바게뜨-정릉서경점,13,60,4.9,689,12000,2200
배스킨라빈스-삼양시장점,13,60,4.9,33,13500,3000
국민우유집-성북점,13,50,4.8,28,11000,3500
와피-미아역점,13,27,4.8,41,12000,3400
빅스트로우버블티-성북점,13,23,4.9,14,8000,2900
이삭토스트-수유역점,13,51,4.9,3196,10000,5000
수유커피집,13,17,5,135,12000,3900
마이그릭,13,48,4.8,136,15000,3900
러빙요거트아이스크림,13,60,5,20,13000,4000
구테로이테-epi점,13,20,5,3,8500,4400
델디아,13,24,4.9,302,10000,4400
뚜레쥬르-보문역점,13,33,5,1759,15000,5500
왓플-성신여대점,13,40,5,77,9000,4800
뚜레쥬르-카페수유역점,13,21,4.8,842,12000,4400
팝콘팔라트,13,53,4.9,18,12000,3500
니즈커피,13,17,4.9,19,11000,3400
빵이좋은사람들-본점,13,15,5,14,15000,3400
프랭크버거-솔샘역점,13,48,4.7,15,9400,3500
레게노-성신여대점,13,57,5,282,14000,4200
뉴시즌커피다비DABEE,13,49,5,1,10000,3000
카페브릭스,13,50,4.9,138,15000,2900
샤빙눈꽃빙수N샌드위치-돌곶이점,13,60,4.8,363,12000,6000
새서울청과,13,60,4.8,60,15000,5500
카페인중독-미아점,13,70,4.9,608,12000,4500
브래드마티스,13,20,4.9,112,23000,2900
BRsingles-하월곡점,13,48,0,0,2500,4200
호구커피-창동점,13,52,4.8,375,8000,6000
BRsingles-삼양시장점,13,48,0,0,2500,4200
라씨그릭,13,49,5,2,15000,4000
1호기-본점,13,21,4.9,12,12000,3400
몽글-쌍문점,13,21,5,43,15000,4400
라떼는말이야-수유점,13,50,5,13,20000,5900
엘파소커피,13,49,0,0,15000,4400
바코드&수제샌드위치,13,21,5,1,18000,4400
영스탕후루&디저트카페,13,49,5,9,15000,7000
인피니티샐러드하우스-수유점,13,21,4.8,124,15000,4400
브런치로스팅카페다담-수유점,13,48,4.8,112,20000,5900
규리네과일가게-강북점,13,55,5,10,13000,4500
백억커피-미아사거리점,13,53,4,4,7900,3400
메가MGC커피-삼양점,13,48,4.9,65,6000,2500
와플대학-동덕여대캠퍼스점,13,27,4.9,213,12000,1900
샐요뜨샐러드&요거트-월곡점,13,48,5,48,9900,2900
오성리카페&커피,13,21,4.9,225,12000,1500
이디야커피-삼양시장점,13,49,4.9,133,9000,1500
메가MGC커피-미아영훈초점,13,49,5,61,9000,2500
쥬씨-삼양점,13,47,4.9,253,12000,2500
빽다방-가오리역점,13,23,4.9,91,8000,4400
이삭토스트-서울삼양점,13,48,4.9,1538,9000,2500
크리스피크림도넛-미아점,13,49,4.8,1593,15000,3000
경성꽈배기-삼양점,13,16,5,55,12000,2900
더벤티-미아사거리역점,13,49,5,37,9000,3000
꽈백최선생-미아점,13,17,5,99,10000,3400
뚜레쥬르-미아테라스파크점,13,17,4.9,622,12000,2900
마마파파,13,47,5,30,10000,1500
메가MGC커피-장위점,13,48,4.9,525,8000,4000
빽다방-삼양동사거리점,13,47,4.7,35,7000,3200
배스킨라빈스-정릉시장점,13,48,4.8,973,13500,3000
엠오리진,13,20,5,148,12000,2900
배스킨라빈스-길음뉴타운점,13,48,4.8,901,13500,3000
뚜레쥬르-길음뉴타운점,13,60,4.9,1104,12000,3000
뚜레쥬르-송천센트레빌점,13,49,4.9,472,12000,3000
웅파이-미아사거리점,13,16,5,7,14000,2900
이삭토스트-정릉시장점,13,48,4.5,12,14000,3500
카페푸릇,13,14,4.8,37,10000,2900
더듀얼로스터즈,13,13,5,2,12000,2900
유어즈에버,13,55,5,153,12000,3500
샐요뜨-샐러드&요거트-수유점,13,30,5,426,9900,2900
메가MGC커피-북한산정릉점,13,48,4.9,36,8000,3000
디저트가주는여유,13,14,5,3,15000,2900
카페차이-길음뉴타운점,13,48,4.9,48,10000,3500
달리는커피-서울삼각산점,13,47,5,63,9900,4000
배스킨라빈스-길음점,13,48,4.8,246,13500,3000
버터클라우드,13,47,5,8,10000,3500
커인스커피,13,48,4.9,14,10000,2000
예히당,13,21,5,73,10000,2900
컴포즈커피-덕성여대점,13,27,4.9,253,5000,6400
"엠유엘,,1리터카페,,",13,25,5,80,12000,2000
크로플전문점헬로우크로플,13,62,5,367,10000,4200
뚜레쥬르-정릉풍림점,13,48,5,52,12000,3000
녹베이크샵,13,16,5,4,15000,2900
"과일에반하다,프루타-쌍문점",13,22,5,7,12000,5400
CGV-수유점,13,20,4.7,43,13000,5400
과일팡-창동점,13,24,4.9,171,15000,4400
마이그릭,13,48,4.8,136,15000,3900
굽네치킨&피자-방학1동점,5,50,4.9,1019,15000,3000
굽네치킨&피자-방학1동점,5,50,4.9,1019,15000,3000
파무쳐두마리파닭,5,61,4.4,781,15000,2000
동근이숯불두마리치킨-노원점,5,56,4.9,1043,15900,2500
불아더숯불바베큐-노원점,5,60,5,132,16000,4000
롯데리아-마들역점,5,49,4.8,3879,10000,3500
BBQ-도봉역점,5,50,5,426,17000,3000
썬더치킨-상계점,5,49,4.8,504,14900,3000
맛있는파닭-방학점,5,35,4.7,33,15000,4000
청춘불닭발-강북점,5,50,4.8,86,17000,5900
노랑통닭-중계점,5,50,4.7,2494,18000,3000
후라이드참잘하는집-상계점,5,52,4.9,5217,10000,2000
이끌리오-중계점,5,53,4.9,331,13000,1000
BHC-중계본점,5,51,4.9,7215,16000,3000
지코바-노원상계2호점,5,49,4.9,5200,12000,3000
맛닭꼬-상계로또점,5,53,4.9,367,10000,1000
꼬꼬스토리-상계보람점,5,17,4.9,266,8000,2900
BHC-상계대박점,5,52,4.9,631,16000,3000
지코바치킨-노원상계1호점,5,51,4.9,653,17000,3000
푸라닭-수락산역점,5,51,4.8,326,18900,2500
BBQ-마들점,5,50,4.7,2647,15000,3000
BHC-마들점,5,51,4.9,1453,16000,3000
처갓집양념치킨-노원역점,5,53,4.9,1328,17000,2000
처갓집양념치킨-상계점,5,52,4.9,3562,16000,2000
BBQ-방학점,5,51,4.9,1123,18000,3500
푸라닭-상계1호점,5,49,4.9,261,16900,3000
코리엔탈깻잎두마리치킨-상계1호점,5,51,4.8,1082,15000,2000
큰집닭강정-마들점,5,50,4.6,162,8000,3500
푸라닭-하계점,5,50,5,61,16900,4000
교촌치킨-도봉점,5,53,4.5,2072,16000,4000
꼬꼬스토리닭강정-수락산역점,5,19,4.8,744,8000,2900
60계-서울상계점,5,51,4.9,362,16500,2900
모모치킨-상계점,5,51,4.9,1516,14000,2000
처갓집양념치킨-수락산점,5,51,4.9,1800,17000,2000
호식이두마리치킨-중계행복점,5,50,4.8,2469,16000,2000
굽네치킨&피자-상계6.7동점,5,49,4.8,3914,15000,3000
BHC-도봉역점,5,51,4.8,9684,16000,3000
지코바치킨-방학1호점,5,51,4.9,704,17000,3000
명가옛날통닭-노원점,5,52,4.8,190,15000,2000
페리카나-상계역점,5,30,4.9,3251,17000,3000
크라칸치킨,5,50,4.9,205,14900,2000
푸라닭-쌍문점,5,49,4.9,1203,15900,4500
노랑통닭-방학점,5,51,4.9,614,18000,3500
앤덤두마리치킨,5,51,4.6,1472,16000,2000
가마로강정-방학역점,5,51,4.8,242,15000,3000
교촌치킨-수락산역점,5,51,4.6,1065,16000,4000
자담치킨-방학점,5,51,5,181,18000,3800
국제통닭-노원직영점,5,52,4.9,240,10000,2000
BHC-중계점,5,43,4.9,2454,16000,3000
롯데리아-노원역점,5,52,4.8,1970,10000,3500
피치떡&노원점,5,51,5,75,14900,1000
오븐화치킨-상계점,5,51,4.9,316,14000,2000
처갓집양념치킨-도봉점,5,53,4.9,984,17000,3000
푸라닭-중계점,5,53,4.9,84,16900,3500
알통떡강정-쌍문점,5,50,4.9,473,11000,4000
순삭닭강정-상계점,5,50,4.9,257,15000,2000
호식이두마리치킨-수락산점,5,40,4.8,855,14000,3000
순살만공격-상계점,5,52,4.9,88,14000,4000
미쳐버린파닭-상계중계점,5,51,4.8,213,15000,2000
꾸브라꼬숯불두마리치킨-상계점,5,52,4.9,324,16500,3000
굽네치킨&피자-수락점,5,52,4.7,2288,13500,4000
기영이숯불두마리치킨-노원상계점,5,51,4.9,45,15000,2500
노랑통닭-노원역점,5,50,4.6,1316,18000,3500
맛닭꼬-중계브라운스톤점,5,51,4.9,276,12000,3000
기영이숯불두마리치킨-도봉방학점,5,51,4.9,69,17000,4000
부어치킨-상계로또사거리점,5,51,4.7,1528,16000,3000
BHC-하계점,5,47,5,2232,16000,4500
치킨마루-보람한신점,5,52,4.8,600,14000,2000
썬더치킨-도봉구청점,5,18,4.9,109,13900,2900
도깨비시장옛날통닭,5,16,4.8,60,11000,3400
스마일닭강정,5,24,4.8,277,12000,4400
꼬꼬스토리-도봉한신점,5,20,4.8,69,8000,3000
교촌치킨-상계보람점,5,52,4.6,210,15000,4000
닭강정공방-노원중앙점,5,20,4.8,296,11000,3400
가마로강정-은행사거리점,5,25,4.9,1680,17000,4400
누룽통닭-방학점,5,16,5,9,15000,2900
전설의바베큐치킨,5,18,4.7,411,17000,3400
순살의민족-창동점,5,56,4.9,242,9900,3400
롯데리아-창동역점,5,53,4.7,2424,10000,3500
걸작떡볶이치킨-쌍문창동점,5,52,4.8,3925,18000,3000
오븐마루-중계점,5,52,4.9,1035,14000,3500
푸라닭-상계역점,5,52,4.9,675,16900,4500
네네치킨-방학1점,5,47,4.9,1811,16000,4000
BHC-상계행복점,5,49,4.9,909,16000,4000
푸라닭-창4동점,5,45,4.9,555,15900,3500
또래오래-도봉점,5,51,4.8,396,15000,3000
네네치킨-상계마들점,5,49,4.8,1731,15000,3000
서오릉피자-노원상계점,5,52,4.8,167,15000,1500
BBQ-상계수락점,5,52,4.7,142,18000,3000
강가옛날통닭,5,51,4.7,22,15000,2000
치킨마루-마들점,5,49,4.9,586,16000,2000
BBQ-노원스타점,5,51,4.8,32,15000,4000
88옛날통닭-창동점,5,20,4.9,16,15000,3900
참존숯불바베큐치킨-방학점,5,52,4.9,92,15000,3000
롯데리아-수락산역점,5,53,4.6,1165,10000,4000
맘스터치-노원로데오점,5,52,4.9,750,12000,3500
굽네치킨&피자-상계보람점,5,52,4.7,1265,15000,4000
요녀석파스타&필라프-도봉점,5,53,4.9,555,10000,2900
순수치킨-상계점,5,51,4.8,415,16000,2000
큰집닭강정-창동직영점,5,17,4.7,15,10000,3400
롯데리아-GS마트상계점,5,50,4.9,83,10000,3500
맥시칸치킨-상계점,5,52,4.5,470,17000,3000
큰집닭강정-쌍문역점,5,21,4.9,46,13000,4400
통닭마니아-수락산역점,5,19,5,6,15000,2900
호식이두마리치킨-창동점,5,52,4.7,754,15000,4000
테이크돈,5,15,5,3,14000,2900
가마꿉-도봉점,5,52,5,3,15000,2000
와구이닭,5,18,0,0,15000,3400
두레통닭-신도봉점,5,14,4.7,42,10000,2900
새우치킨덤-창동점,5,52,4.9,201,16900,4300
꼬꼬스토리-중계은사점,5,23,4.8,152,15000,4400
KFC-노원역점,5,49,4.6,760,11000,3000
마로바베큐치킨,5,51,4.7,87,14000,3500
닥엔돈스직화바베큐치킨-상계점,5,52,5,6,19000,2500
알통떡강정-상계점,5,51,5,28,15000,2500
88옛날통닭&안주마을,5,49,4.6,48,15000,3000
채선당도시락&샐러드-마들점,5,18,4.8,562,15000,2900
God치킨,5,49,4.9,47,12000,4000
치탑7-수락산점,5,52,4.1,31,13000,2000
파스타집이야-노원점,6,45,4.9,453,8000,2500
피자헤븐-상계점,6,49,5,1848,17000,1000
파스타집이야-노원점,6,45,4.9,453,8000,2500
피자헤븐-상계점,6,49,5,1848,17000,1000
피플스파스타-노원점,6,30,4.9,199,14000,3000
프레드피자-서울노원점,6,50,4.9,209,15900,3000
피자벨리-본점,6,55,4.9,479,15900,2000
오늘은스파게티&치즈밥-노원구점,6,58,4.8,69,13000,3500
세븐한식&분식천국,6,55,4.7,847,13000,3000
레전드고기한상-도봉점,6,53,4.8,378,10000,3000
599버거,6,55,4.9,182,10500,4000
덕수파스타-수유점,6,60,5,1,12000,3900
서오릉피자-노원상계점,6,52,4.8,167,15000,1500
7번가피자-상계점,6,52,4.9,5871,19000,1000
요녀석파스타&필라프-도봉점,6,53,4.9,555,10000,2900
자가제빵선명희피자-창동점,6,21,4.9,1478,20000,2400
스파게티스토리-노원점,6,16,4.9,1133,13000,2400
파스타한끼!,6,50,4.9,74,5000,2000
젓가락파스타&돈부리,6,17,4.9,388,7000,2400
빨간모자피자-노원점,6,53,4.9,173,15000,1500
도로시파스타연정-노원중앙점,6,50,4.9,156,8000,2500
로니로티-노원점,6,52,4.8,120,15000,1500
피제이피자-노원직영점,6,53,4.9,1202,14900,1000
반올림피자-상계중계점,6,53,4.8,1635,15900,2000
서양국시,6,20,4.9,120,10000,2000
옐로우피자-상계점,6,50,5,629,15900,1000
파스타입니다-노원점,6,52,4.9,1310,7000,3200
피자에땅-중계점,6,53,4.7,941,15900,1000
버텍스미국식덮밥-노원점,6,18,4.8,342,9900,3400
피자런-수락점,6,53,5,252,11900,1000
폭풍토핑피자스톰-노원점,6,50,4.8,49,15900,2000
피자아이씨-중계본동점,6,52,4.9,58,15000,3000
피자애-노원역점,6,52,4.8,338,11000,1000
아웃백-노원점,6,50,4.8,387,20000,2500
봉대박파스타&스테이크-노원역점,6,22,4.9,292,15000,3400
슬로우캘리-노원점,6,18,4.9,92,12000,3400
피자1989-상계점,6,52,4.9,886,15900,3500
파파존스피자-노원점,6,52,4.7,594,19900,2000
써브웨이-수락산역점,6,53,4.9,70,12900,2900
피자헛-수락산역점,6,53,4.7,1569,19900,2000
왕손피자-도봉구점,6,50,4.9,1267,15000,2000
서가앤쿡-서울노원점,6,52,4.8,201,20000,3000
백종원의롤링파스타-노원역점,6,52,4.8,388,15000,4000
미스터피자-상계점,6,53,4.6,775,19900,2000
피자창고,6,53,4.9,109,12500,1000
올드델리,6,15,4.7,364,15000,3400
올리오,6,21,4.7,215,11000,3400
이퓨레,6,20,4.9,103,12000,2400
도미노피자-상계점,6,52,4.7,1147,21900,2000
자가제빵선명희피자-노원점,6,22,5,302,20000,3400
피치랑피자&치킨-노원상계점,6,50,4.9,193,16000,2000
돼지게티-노원구점,6,44,4.7,63,15900,2600
마마스임실치즈피자-노원상계점,6,52,4.8,148,18000,2000
이태리면가게파스타&필라프-노원점,6,21,4.9,82,10000,3400
덤덤피자-방학점,6,50,4.9,148,17000,1500
피자애-상계점,6,52,4.6,62,12000,4000
피자알볼로-상계점,6,53,4.8,621,18000,4000
굽네치킨&피자-방학1동점,6,52,4.9,1019,15000,3000
1인피자고피자-중계학원가점,6,25,4.7,189,9900,4400
어글리스토브-노원역점,6,21,4.8,34,15900,3400
수제피자꼬레노,6,53,4.8,472,14900,2000
파스토보이-도봉점,6,53,5,223,9500,4000
파스타미식당,6,19,4.9,199,9900,3900
닐리비스트로-중계점,6,19,4.5,30,12000,4400
오구쌀피자-상계7단지점,6,52,4.8,81,14900,2500
제주돈줘&보네르파스타,6,18,4.9,42,10000,2900
빅보이스테이크 중계점,6,27,4.9,892,15000,5400
피자꾼-창동점,6,53,4.9,64,20000,2000
리얼파스타-창동점,6,53,4.8,86,15000,3500
컨트리맨즈-중계점,6,25,5,26,20000,3400
엣지리스피자,6,24,4.9,59,14900,2900
밥깨비-노원점,6,52,4.9,1039,12000,2000
프랭크수제치즈버거-노원역점,6,52,4.8,734,9900,3400
써브웨이-노원점,6,50,4.7,787,8000,3900
피자창고-쌍문점,6,53,5,3,13500,2900
투파인드피터-노원점,6,52,4.7,6,15000,3000
헝그리브라더스필라프&파스타-쌍문점,6,53,4.9,1303,15000,5500
샐러드로우&트라타-노원점,6,52,4.9,139,11000,2700
요남자파스타,6,23,4.9,121,15000,5400
피자먹다-중계점,6,19,5,5,12900,3900
밀창고-방학점,6,53,0,0,12900,2500
2ndmeal(세컨밀),6,19,4.8,63,13000,3900
삿포로돈까스앤스파게티,6,28,4.7,5632,12000,6400
미(美)스테이크,6,22,4.6,34,11000,3400
502세컨즈카페-노원점,6,27,4.8,1280,14000,3000
솔로박스-태릉점,6,50,5,44,11900,4000
마르코존스피자&오렌지몽키파스타,6,17,0,0,9900,3400
돈카춘돈까스&카레-노원점,6,20,5,212,10000,2900
두마리찜닭두찜-수락산역점,6,53,4.9,1926,17800,2000
굽네치킨&피자-상계6.7동점,6,49,4.8,3914,15000,3000
배가당함박스테이크,6,13,4.8,16,13000,2900
비엣포쌀국수,6,53,4.8,314,15900,3500
멕시칸라이브그릴-하계점,6,28,4.8,201,17000,6400
제임스키친-노원점,6,19,4.8,53,20000,3400
써브웨이-중계은행사거리점,6,50,4.7,175,8000,4200
프랭크수제치즈버거-수락산역점,6,53,4.7,310,9900,3300
스테이크스토리,6,53,4.5,14,10000,4000
프랭크버거-중계에이스타워점,6,53,4.9,48,9800,4000
버거브라더-도봉점,6,11,4.9,224,13000,2900
소테파스타,6,52,4.9,363,11000,3500
매일파스타-중계점,6,29,4.8,30,13000,5400
삼각지붕에화덕피자,6,50,5,10,12000,5000
오렌지몽키파스타&피자-노원점,6,13,5,3,15000,2900
헬로파스타,6,20,4.6,10,12000,4400
포메인-중계점,6,51,4.6,98,15000,3500
마이스테이크,6,53,5,1,10000,4000
뉴욕핫도그앤커피-쌍문점,6,52,4.4,44,15000,5000
고져스파스타,6,25,5,42,9900,6400
TGIF-롯데백화점노원점,6,52,4.3,10,19000,2000
굽네치킨&피자-수락점,6,52,4.7,2288,13500,4000
나우키친-중계점,6,21,4.8,231,15000,4400
아담만두앤파스타-신창동점,6,22,4.7,3,12900,5400
두마리찜닭두찜-노원하계점,6,51,5,2807,12000,5000
담꾹-노원점,6,16,4.9,19,10000,2900
홍대쌀국수-방학점,6,53,4.7,23,12000,3000
장스테이크&파스타-본점,6,19,4.8,31,13000,3400
피치떡&노원점,6,52,5,75,14900,1000
지니피자,6,20,4.8,6,15000,4400
조아요돈까스,6,53,4.1,10,10000,4000
라와마라탕-2호점,7,57,5,644,15000,3000
착한마라탕-노원점,7,50,5,54,13000,3000
탕수육튀김나라,7,45,4.8,20,20000,5000
신미방마라탕-노원역점,7,51,4.9,1346,15000,3000
황제해물짬뽕,7,16,4.7,1857,16000,2900
라화쿵부마라탕-창동점,7,53,4.9,1139,13000,3000
춘향마라탕,7,22,5,1056,11900,3900
홍콩반점0410-노원역남부점,7,51,4.8,1278,13000,3000
춘리마라탕-노원점,7,28,4.9,491,15000,3400
소림마라탕-노원점,7,51,4.9,4247,13500,2900
춘리마라탕-방학점,7,53,4.8,115,16900,2900
홍콩반점0410-창동역점,7,23,4.8,1678,13000,3400
홍콩반점0410-방학점,7,53,4.9,667,20000,3900
펑라이,7,18,4.9,219,15000,2900
짜장마을-방학점,7,29,4.8,817,15000,900
탕화쿵푸마라탕-노원역점,7,21,4.9,141,15000,3400
라쿵푸마라탕-창동점,7,53,4.8,38,12000,2000
슈엔챠이,7,51,4.8,595,25000,3000
쉐프의생안심탕수육-노원직영점,7,53,4.9,193,16000,2500
라화쿵부마라탕-상계점,7,51,5,1,10900,1500
경화루-상계점,7,51,4.3,104,10000,2000
도깨비마라탕,7,51,4.9,165,12000,3500
미미,7,22,4.7,60,15000,3900
라사천마라탕-노원점,7,51,4.9,468,14900,3400
차이홍-쌍문점,7,26,4.9,241,15000,5400
미연마라탕-방학점,7,17,4.5,22,12000,2900
리차이나,7,24,4.6,305,17000,5400
정성반점-노원점,7,22,4.8,441,24000,3400
중식당몽,7,22,4.9,27,17000,3900
문성해물짬뽕,7,26,4.8,219,15000,5400
1989마라탕-노원점,7,51,4.9,139,15000,2500
브라더양꼬치&마라탕-16호점,7,18,4.9,59,15000,3300
불간짬뽕-당고개점,7,19,5,4,15000,3900
칭따오양마라탕군,7,18,4.7,19,15000,2900
뜸들이다-창동점,7,17,4.9,1672,8700,2400
라화쿵부마라탕-상계역점,7,53,4.8,170,13000,3000
취하리,7,22,5,7,15000,5400
조선우육탕&면-노원점,7,23,5,7,15000,3900
향림,7,27,4.5,1217,15000,6400
탕수육주는육군짬뽕-노원점,7,53,5,39,14900,3000
마차이나,7,21,3.8,5,15000,3400
요리왕2호점-창동점,7,53,4.6,126,10000,2000
용상중화요리,7,51,4.5,66,17000,1000
차이나온,7,27,4.8,245,20000,6400
뽕쉡,7,13,4.7,281,20000,2900
파스타입니다-노원점,7,52,4.9,1310,7000,3200
"해담,짜장볶는집",7,17,4.9,18,21000,3400
진향원마라탕-수유점,7,51,5,36,12900,5800
황금룡-방학점,7,19,4.4,128,10000,2900
"중화요리전문점,황금성",7,27,4.5,37,16000,6400
신라강호-마라전문점,7,25,4.8,22,15000,4400
정셰프의쌀짬뽕-도봉산역점,7,19,5,5,15000,3900
청도양꼬치1호점,7,17,0,0,15000,3400
미성양꼬치&마라탕,7,22,4.3,10,26000,3400
마라킹너희들나못이겨-수유점,7,23,4.2,5,9000,6400
마라탕마라샹궈노원훠궈무한리필,7,51,3.5,4,15000,4000
8월의중식-노원점,7,50,4.7,247,9500,5400
마라유혹중경식객,7,28,4.9,433,15000,6400
수상한탕수육-방학점,7,53,4.1,13,15000,4000
도봉산팔뚝집,7,18,0,0,15000,3900
램반장-노원점,7,53,5,13,12000,4500
링링중화요리,7,20,0,0,15000,4400
채월루-마라탕전문점,7,18,0,0,12000,3900
국밥생각-상계점,8,62,4.9,350,14000,2000
고기혁명-노원점,8,50,5,270,14900,2500
삼겹이차돌이,8,60,5,755,10000,2500
연평도간장게장-방학점,8,50,0,0,12000,5500
찌개덕후-본점,8,51,4.9,333,9900,3500
프리미엄김치찌개찌개왕-쌍문점,8,52,4.9,486,6000,4500
정음지음-김치요리전문점,8,60,4.8,544,16000,2500
30년불멸의닭발-쌍문점,8,36,4.9,41,9000,900
옥수동묵은지김치찜-노원점,8,55,5,1553,8000,4000
시카고부대찌개-노원점,8,60,5,97,14000,2000
냉면&불타오르냉-노원점,8,60,5,49,14000,2000
미미국물닭발-노원점,8,43,5,5,10000,3000
육회만드는사람들-노원점,8,60,4.9,47,20000,2000
세븐한식&분식천국,8,54,4.7,847,13000,3000
신의주찹쌀순대-도봉구청점,8,45,4.8,158,8000,5000
산적육회-노원상계점,8,60,5,4,20000,2000
봉이네찜닭&닭도리탕-도봉노원점,8,60,4.5,124,19000,3000
라와마라탕-2호점,8,57,5,644,15000,3000
죽사랑-창동점,8,60,3.3,173,15000,2000
와우곱창막창,8,63,4.4,807,18000,2000
집밥뚝딱-쌍문점,8,53,4.8,5,3000,5000
큰맘할매순대국-먹골역점,8,50,4.7,871,16000,11000
"곱,끌림delivery-도봉점",8,50,4.7,14,24900,3000
금강산감자탕,8,53,5,21,9000,5000
알밥왕-창동점,8,50,4.8,205,8000,4500
미아닭발,8,50,4,4,14000,3000
긴말하지않겠다냉면-창동점,8,60,4.6,126,10000,4500
야수곱창,8,53,4.8,17,24000,5000
오늘은스파게티&치즈밥-노원구점,8,50,4.8,69,13000,3500
청춘불닭발-강북점,8,50,4.8,86,17000,5900
통영해물탕,8,55,2.9,34,15000,2000
LA교룡갈비찜닭,8,60,4.2,27,15000,2000
이쿠라멘&돈카츠-도봉점,8,50,4.7,30,12000,5500
레게노돈삼닭,8,53,4.3,3,12000,8400
연평도간장게장-방학점,8,50,0,0,12000,5500
제육천재-도봉점,8,21,4.9,1485,9900,2400
열정국밥-방학점,8,53,5,946,10000,3500
청춘불닭발-노원본점,8,53,4.8,2696,15000,3000
밥이야-본점,8,20,4.8,3187,14000,2400
골목삼겹-노원점,8,53,5,442,9000,2500
밥깨비-노원점,8,53,4.9,1039,12000,2000
제육대가-노원구점,8,53,5,341,10000,1900
뜸들이다-창동점,8,17,4.9,1672,8700,2400
돌깨마을맷돌순두부-노원점,8,19,4.8,2195,8000,3400
싸움의고수-은행사거리점,8,21,4.9,425,7500,3400
수락이오냉면-본점,8,17,4.8,1277,12000,2900
행컵-노원점,8,49,4.8,1522,14000,2500
공릉동닭한마리-쌍문점,8,15,4.9,591,20000,2400
곱볶당,8,23,4.9,837,16000,1900
털보고된이생선구이-노원직영점,8,53,4.8,177,16500,2500
곱분이곱창-방학역점,8,53,4.9,332,18000,3000
채선당도시락&샐러드-마들점,8,18,4.8,562,15000,2900
직화삼겹직구삼-노원1호점,8,53,4.9,1789,12000,900
마마쿡수제반찬(노원점),8,16,4.9,26,23000,2900
N도시락,8,55,4.9,328,10000,3500
도쿄감자탕-본점,8,53,4.8,712,2000,2000
청춘묵은지김치찜-창동점,8,53,4.9,542,10000,3500
설담재-창동본점,8,19,4.8,758,15000,3400
추가불곱창막창,8,49,4.9,596,16000,1000
고기듬뿍대왕비빔밥-서울노원점,8,21,5,920,19000,2900
이어도생선구이-수락산점,8,19,4.7,923,18000,2900
김인경제육집,8,15,4.8,984,10000,2900
아이엠찌개,8,53,4.9,313,12000,2500
대머리곱창,8,20,4.8,657,18000,2900
辛닭발닭날개,8,53,4.8,3218,15000,3400
따스한곱창-방학역점,8,53,4.9,130,13900,1000
연안식당-창동점,8,22,4.7,301,13000,3400
낙지한마리수제비-노원점,8,20,4.6,46,18000,2900
장수봉평메밀촌,8,16,4.8,188,14000,2900
곤지암할매소머리국밥-도봉구청점,8,53,4.7,80,8000,3000
찜닭&닭도리달인-상계점,8,53,4.9,198,12000,3000
대성한우곱창-방학점,8,19,4.7,161,7900,2900
명륜진사갈비-수락산점,8,53,4.8,62,13000,2500
엄마손돼지불백-상계역점,8,53,4.9,355,13000,2500
홍춘천치즈닭갈비-마들역점,8,49,4.8,339,15000,2000
신화쭈꾸미-상계점,8,49,4.9,580,23000,1500
닭발세상,8,53,4.8,381,16000,2000
채랑샤브-본점,8,15,5,722,24000,2900
우이동멸치국수-노원점,8,17,4.8,172,14000,3400
윤가네묵은지김치찜,8,53,4.9,174,20000,1000
차고집칡냉면&수제돈까스,8,18,4.9,1746,12000,2900
30년불멸의닭발-쌍문점,8,49,4.9,41,9000,900
육회한덮밥,8,60,4.8,4722,14000,2000
옥수동묵은지김치찜-노원점,8,49,5,1553,8000,4000
삼겹의민족-방학점,8,53,5,86,9900,3100
배달의쌀국수-상계점,8,53,4.9,902,5000,2000
푸곱앤혼곱,8,15,5,515,7000,3400
국민낙곱새-창동점,8,10,5,170,18000,2900
영양센타-노원역점,8,19,4.8,883,17500,3400
명동칼국수-상계백병원점,8,21,4.6,526,12500,3900
땅스부대찌개-상계점,8,16,4.9,117,13900,1400
고기극찬-노원점,8,53,4.9,64,16800,2500
본도시락-수락산역점,8,53,4.8,32,15000,2500
권사부순대국-창동점,8,53,4.9,1206,14000,3500
지랄닭발-노원점,8,53,4.9,103,15000,2500
대한민죽-창동점,8,53,4.4,54,8400,2000
감동식당,8,16,4.9,203,20000,2900
남촌-노원본점,8,21,4.8,663,8000,3900
화로몽-창동역점,8,21,4.8,155,14000,2400
원조멸치국수-마들점,8,17,4.5,54,13000,2900
국민닭발-노원점,8,49,4.8,212,17000,3000
두마리찜닭두찜-노원하계점,8,49,5,2807,12000,5000
냉면쟁이고기꾼-창동점,8,53,4.9,1525,14000,3500
삼형제아바이순대국.감자탕,8,25,4.8,1862,11000,5400
광릉불고기&숯불고기냉면전문점,8,17,4.7,90,20000,2900
노원왕십리곱창,8,16,4.6,334,18000,2900
순수덮밥-도봉점,8,15,4.8,52,10000,2900
방학손칼국수,8,14,4.9,70,14000,2900
신촌갈비국밥,8,21,4.9,929,12000,6400
아부찌부대찌개-창동점,8,15,5,244,13900,2900
1인용묵은지김치찜-쌍문점,8,49,4.9,58,21900,2000
THE더가득담은1인김치찜-노원점,8,24,4.9,1116,8000,6400
맛있는곱창-본점,8,53,4.9,479,22000,3000
신의주찹쌀순대-중계브라운스톤점,8,22,4.8,350,13000,5400
동대문엽기떡볶이-노원점,8,49,4.8,293,14000,3000
술술국밥,8,23,4.9,119,12000,3700
예림해물손칼국수,8,17,4.6,130,15000,3400
타코이찌타꼬야끼-노원전문점,9,60,4.8,213,14000,2000
세븐한식&분식천국,9,55,4.7,847,13000,3000
웰돈카츠-상계점,9,50,5,11,14000,3000
연평도간장게장-방학점,9,50,0,0,12000,5500
이쿠라멘&돈카츠-도봉점,9,50,4.7,30,12000,5500
천복스시,9,60,5,7,12000,3500
육회만드는사람들-노원점,9,67,4.9,47,20000,2000
아라연대게-의정부점,9,53,2,1,30000,10000
레게노돈삼닭,9,53,4.3,3,12000,8400
연평도간장게장-방학점,9,50,0,0,12000,5500
잼재미초밥,9,19,4.9,4736,16000,1500
육회한덮밥,9,60,4.8,4722,14000,2000
육회한연어-노원점,9,54,4.7,2072,14000,2000
동경규동-노원역점,9,19,4.9,771,13000,2900
멘부리-노원점,9,18,5,174,8000,2000
두툼바삭가츠-상계점,9,48,4.9,2952,14000,2000
아비꼬-노원역점,9,16,5,180,12000,2900
돈카춘돈까스&카레-노원점,9,20,5,212,10000,2900
수시로스시,9,18,4.9,2131,15000,1000
야미가-상계점,9,54,4.9,153,13000,2000
탐나종합어시장-방학역점,9,54,4.9,879,20000,3000
최고당돈가스-쌍문역점,9,22,4.9,676,10000,3900
아오리라멘-노원점,9,54,4.8,365,12000,2500
무겐다이,9,18,4.9,370,10000,2900
쿠마키친-수락산점,9,19,4.8,224,13000,2900
어장촌생선구이,9,54,4.9,318,18000,2000
육회연어랑스시,9,49,4.8,938,14000,2500
멘야마쯔리딜리버리라멘-중계점,9,19,4.9,175,12000,3400
삿포로돈까스앤스파게티,9,28,4.7,5632,12000,6400
스시데마에,9,54,5,336,15500,1000
멘부리-수유점,9,24,5,717,9000,5000
스시화-도봉점,9,51,4.9,849,16000,3500
다미참치,9,54,4.9,609,27000,2500
육회란연어다-공릉묵동점,9,54,4.9,1081,14000,3500
스시소리,9,25,4.9,146,16000,2400
미소야-창동점,9,21,4.7,186,15000,3400
현스키친,9,23,5,957,9500,3900
해신횟집-상계점,9,54,4.9,273,20000,3000
혜화동돈까스극장-서울상계점,9,54,4.7,760,13900,3000
늘해돈,9,16,4.7,64,14500,2900
롤앤폭돈까스,9,54,4.9,120,9000,4000
돈카츠전문점100카츠-상계1호점,9,17,4.9,61,16000,2900
주식이돈까스&탕수육,9,21,4.9,279,9000,3000
문지원의열정스시,9,20,4.8,202,16000,2900
삼정종합어시장-상계점,9,23,4.9,1587,25000,3900
셰프의돈까스,9,51,4.5,860,15000,2500
신군산횟집,9,54,4.7,7,20000,3000
가람참치&스시,9,54,4.9,231,23000,2000
육회촌연어리,9,25,5,964,9900,5500
스시고칸-중계점,9,20,4.9,509,12000,4400
미스터빠삭-상계점,9,54,4.9,1418,13000,3500
선진팜-쌍문점,9,21,4.9,484,15000,3400
주니초밥,9,18,4.9,909,16000,2900
나승준함흥냉면&코다리냉면,9,14,4.8,522,14000,3400
우애돈카츠-상계점,9,54,4.9,1182,10000,3000
돈카츠브라더스,9,54,4.9,210,12000,1000
혼돈혼자먹는돈까스-본점,9,54,4.9,78,15000,4000
밀알생돈까스,9,18,4.6,270,15000,3900
밥깨비-노원점,9,53,4.9,1039,12000,2000
열심참치,9,54,5,527,18000,3500
스쿨푸드-노원점,9,52,4.8,678,15000,2500
수락이오냉면-본점,9,17,4.8,1277,12000,2900
사누끼-본점,9,17,4.8,51,15000,3400
쉐프마인드,9,17,4.9,231,11000,3400
스시황초밥전문-창동본점,9,18,4.9,84,13000,3400
스시웨이-노원점,9,54,4.8,148,20000,2500
방학동우동,9,54,4.9,180,12000,4000
유메스시-도봉점,9,54,5,193,12000,2000
노원스시호,9,20,4.9,1787,15000,2000
청년어부초밥-수유점,9,23,4.6,19,15000,5400
현덕육회-노원점,9,53,4.9,25,8900,3500
고치소돈카츠,9,18,5,7,10000,2900
육회왕자연어공주-방학점,9,54,4.8,74,9900,3000
돈카살롱-마들역점,9,17,4.9,14,14000,2900
바다와새우,9,54,4.8,66,20000,2000
아오리-노원점,9,54,4.4,11,12000,2500
코바코-상계점,9,54,4.4,201,15000,2000
미스터빽실장-본점,9,16,4.9,379,20000,4400
뜸들이다-창동점,9,17,4.9,1672,8700,2400
커사스,9,21,4.9,99,12500,2900
명인만두-방학점,9,52,4.6,1508,12000,3000
마들회마트,9,49,4.7,32,21000,2900
젓가락파스타&돈부리,9,17,4.9,388,7000,2400
"육회란연어다-중계,상계점",9,49,4.8,65,13800,2000
싱싱활어천국-노원점,9,23,4.9,157,20000,3900
네바다혼술횟집,9,51,4.7,451,21000,4000
교양식돈까스,9,17,5,13,15000,3400
일심당-도봉점,9,25,4.9,34,12000,4400
방아골스시,9,17,4.6,172,12000,3300
잇츠카츠-상계점,9,54,4.9,12,12000,2000
킹스김밥,9,53,4.8,467,12000,3000
김밥천국-공릉점,9,53,4.7,974,11000,3000
남도회을지로골뱅이,9,53,4.9,97,20000,3500
유참치,9,54,5,1,25000,3000
돈까스짱-방학동도깨비시장점,9,54,4.9,54,14000,4000
The수제돈까스&슬러시불냉면(강북점),9,25,4.9,3173,8500,6400
바다야숙성회,9,17,4.9,65,15000,3400
육회한도시락,9,49,4.8,180,14000,3500
타코타임타코야끼,9,51,4.8,981,12500,4500
채선당도시락&샐러드-마들점,9,18,4.8,562,15000,2900
삿갓봉초밥,9,54,4.9,319,17000,3000
청정바다수산-중계점,9,54,4.6,135,26000,3000
브라운돈까스-노원역점,9,54,4.8,44,15000,4000
옛날한우샤맛고-도봉점,9,53,0,0,25900,1500
어전-초밥전문점,9,49,4.5,350,18000,3000
오니기리와이규동-은행사거리점,9,18,4.6,216,15000,4400
김밥천국-마들역점,9,52,4.5,338,15000,3000
동해수산물회센터,9,54,4.6,586,20000,9000
차고집칡냉면&수제돈까스,9,18,4.9,1746,12000,2900
육회바른연어-쌍문점,9,54,5,194,10000,3500
은행골-도봉점,9,15,4.8,350,15000,2900
돈까스짱-상계점,9,54,4.8,83,15000,3500
스시노칸도-노원점,9,54,4.8,62,14000,2000
파스타입니다-노원점,9,53,4.9,1310,7000,3200
1%활어&숙성회,9,22,5,144,17000,5400
스시통-본점,9,18,4.8,17,20000,3400
우마이초밥,9,16,4.8,308,20000,2900
우동야마이루식-창동점,9,53,5,51,9800,1900
착한가격족선생,10,60,4.5,24,22000,4500
앞다리뒷다리,10,60,4.7,200,28000,4500
삼시족발,10,52,4.9,2219,14900,2000
잭아저씨족발보쌈-노원점,10,55,4.8,4768,20000,1000
구구족-쌍문역점,10,24,4.9,4691,19000,2400
이장군왕족발-창동점,10,42,4.9,1067,18000,2000
가장맛있는족발-은행사거리점,10,57,4.8,2278,29000,2000
족발야시장-상계점,10,52,4.8,711,29000,1000
구구족-노원상계점,10,52,4.9,747,18900,2900
족발야시장-쌍문점,10,55,4.9,4087,29000,3000
원할머니보쌈-수락산점,10,52,4.7,1761,30000,2000
개성보쌈족발-노원본점,10,52,4.7,821,20000,2000
보쌈애-방학동점,10,13,4.8,374,13000,2900
가장맛있는족발-수락산점,10,52,4.6,225,30000,2000
영동족발&보쌈-노원본점,10,52,5,190,17000,2000
도야족발-창동점,10,52,4.8,1097,18000,2000
족발야시장-창동역점,10,52,4.9,1278,30000,1000
족발야시장-공릉점,10,55,4.9,2499,30000,4000
족발야시장-수락산점,10,52,4.8,249,29000,2000
족발참잘하는집-창동점,10,52,4.9,159,20000,2000
윤씨네족보,10,52,4.8,378,28000,1000
소문난순대국&왕족발,10,52,4.9,288,12000,3000
달인보쌈,10,52,4.8,8,13000,2000
싸움의고수-은행사거리점,10,21,4.9,425,7500,3400
가장맛있는족발-중계브라운스톤점,10,56,4.8,248,25000,2900
마스터족발-방학점,10,52,4.9,139,25000,2000
뚱보족발보쌈,10,52,4.9,34,25000,1000
귀한족발-노원점,10,17,4.9,31,25000,3400
아씨네화덕족발-상계점,10,52,4.8,44,29000,2500
쉐프의1인족발보쌈,10,20,4.8,17,7900,3400
족발갓성비-공릉점,10,55,4.8,620,10000,5000
가장맛있는족발-창동먹자골목점,10,52,4.6,78,30000,2000
장수왕족발보쌈-본점,10,52,4.6,308,20000,2000
순수한방김가네왕족발,10,52,4.8,45,20000,2000
가장맛있는족발-보람마들점,10,52,4.9,42,30000,3000
함가네대왕족발,10,13,4.7,10,17000,2900
봉심이족발보쌈전문점,10,16,4.7,111,28000,3900
N도시락,10,55,4.9,328,10000,3500
가장맛있는족발-공릉점,10,55,4.7,1216,28000,6000
당일왕족발,10,52,4.9,491,27000,4000
숯불구이예가족발-노원점,10,55,4.7,15,18000,3000
박순남의오시는족족,10,52,4.9,14,26000,2000
마마족발,10,52,4.8,180,28000,2000
마왕족발-상계점,10,52,4.9,833,27000,3500
방학동황금족발-본점,10,56,4.8,147,20000,3000
오봉족발-본점,10,55,4.5,1389,10000,5000
남대문황금족발-공릉점,10,55,4.8,63,28000,3000
가장맛있는족발-상계역점,10,52,4.5,274,29000,4000
따스한곱창-방학역점,10,53,4.9,130,13900,1000
귀한1인족발보쌈,10,55,4.7,100,10000,5000
호세야오리바베큐-방학점,10,53,4.3,69,16000,2000
만족오향족발-창동점,10,52,4.3,10,22000,3000
종가집할매보쌈족발,10,52,4.1,55,12000,4000
오늘은족발이다,10,21,4.7,3,25000,3400
참맛있는족발보쌈,10,52,3.5,12,12000,4000
호세야오리바베큐-상계점,10,53,4.7,400,19000,3000
신라왕족발&보쌈,10,18,4.8,4,20000,3400
그리운시장족발,10,52,0,0,23000,4000
족발끝판왕-공릉점,10,55,4.6,261,10000,5000
신창족발,10,22,4,14,25000,5400
대문한정식,10,22,5,5,20000,3900
방태막국수-창동점,10,21,4.2,14,20000,3400
테이크돈,10,15,5,3,14000,2900
쪽갈비상회-쌍문점,10,49,4.9,161,15000,4000
명가마늘보쌈&청국장,10,19,5,1,30000,2900
코리안(KOREAN)명품족발,10,24,0,0,30000,6400
제주도흑돼지족발,10,16,0,0,15000,2900
완도황칠보쌈전복찜,10,20,0,0,25000,4400
롯데리아-마들역점,11,70,4.8,3880,10000,3500
고기혁명-노원점,11,54,5,270,14900,2500
연평도간장게장-방학점,11,50,0,0,12000,5500
파무쳐두마리파닭,11,64,4.4,781,15000,2000
세븐한식&분식천국,11,55,4.7,847,13000,3000
국밥생각-상계점,11,60,4.9,350,14000,2000
파스타집이야-노원점,11,40,4.9,453,8000,2500
라와마라탕-2호점,11,50,5,644,15000,3000
찌개덕후-본점,11,54,4.9,333,9900,3500
타코이찌타꼬야끼-노원전문점,11,60,4.8,213,14000,2000
죽이요-서울상계점,11,60,4.8,192,14000,2000
미미국물닭발-노원점,11,45,5,5,10000,3000
피플스파스타-노원점,11,40,4.9,199,14000,3000
정음지음-김치요리전문점,11,62,4.8,544,16000,2500
불아더숯불바베큐-노원점,11,60,5,132,16000,4000
냉면&불타오르냉-노원점,11,65,5,49,14000,2000
봉명동내커피-노원점,11,55,5,659,12000,3400
썬더치킨-상계점,11,40,4.8,504,14900,3000
시카고부대찌개-노원점,11,60,5,97,14000,2000
와우곱창막창,11,63,4.4,807,18000,2000
순삭곱창,11,53,4.9,109,20000,3000
레전드고기한상-도봉점,11,50,4.8,378,10000,3000
육회만드는사람들-노원점,11,65,4.9,47,20000,2000
산적육회-노원상계점,11,60,5,4,20000,2000
피자벨리-본점,11,50,4.9,479,15900,2000
오늘은스파게티&치즈밥-노원구점,11,50,4.8,69,13000,3500
천복스시,11,58,5,7,12000,3500
봉이네찜닭&닭도리탕-도봉노원점,11,60,4.5,124,19000,3000
LA교룡갈비찜닭,11,50,4.2,27,15000,2000
신의주찹쌀순대-도봉구청점,11,44,4.8,158,8000,5000
이쿠라멘&돈카츠-도봉점,11,50,4.7,30,12000,5500
벤앤제리스아이스크림-방학DV점,11,50,5,1,12000,5000
미아닭발,11,49,4,4,14000,3000
통영해물탕,11,50,2.9,34,15000,2000
죽사랑-창동점,11,60,3.3,173,15000,2000
집밥뚝딱-쌍문점,11,53,4.8,5,3000,5000
"곱,끌림delivery-도봉점",11,53,4.7,14,24900,3000
야수곱창,11,53,4.8,17,24000,5000
청춘불닭발-강북점,11,50,4.8,86,17000,5900
착한가격족선생,11,60,4.5,24,22000,4500
앞다리뒷다리,11,60,4.7,200,28000,4500
금강산감자탕,11,53,5,21,9000,5000
레게노돈삼닭,11,53,4.3,3,12000,8400
아라연대게-의정부점,11,53,2,1,30000,10000
연평도간장게장-방학점,11,50,0,0,12000,5500
덕수파스타-수유점,11,54,5,1,12000,3900
육회한덮밥,11,56,4.8,4722,14000,2000
청춘불닭발-노원본점,11,53,4.8,2696,15000,3000
이끌리오-중계점,11,51,4.9,331,13000,1000
잭아저씨족발보쌈-노원점,11,55,4.8,4768,20000,1000
후라이드참잘하는집-상계점,11,52,4.9,5217,10000,2000
롯데리아-노원역점,11,53,4.8,1970,10000,3500
육회한연어-노원점,11,56,4.7,2072,14000,2000
노랑통닭-중계점,11,52,4.7,2494,18000,3000
숯돌이곱창-노원점,11,53,4.7,1483,18000,2000
맛닭꼬-상계로또점,11,51,4.9,367,10000,1000
삼겹이차돌이,11,60,5,755,10000,2500
곱분이곱창-방학역점,11,53,4.9,332,18000,3000
카페아에-노원점,11,53,4.9,730,10000,2500
동근이숯불두마리치킨-노원점,11,70,4.9,1043,15900,2500
辛닭발닭날개,11,53,4.8,3218,15000,3400
프레드피자-서울노원점,11,53,4.9,209,15900,2000
놀떡-보람한신점,11,53,4.9,330,11900,1000
따스한곱창-방학역점,11,53,4.9,130,13900,1000
30년불멸의닭발-쌍문점,11,49,4.9,41,9000,900
요거트월드-노원점,11,55,5,57,10000,3400
파스타한끼!,11,53,4.9,74,5000,2000
롯데리아-창동역점,11,54,4.7,2424,10000,3500
닭발세상,11,53,4.8,381,16000,2000
구구족-노원상계점,11,51,4.9,747,18900,2900
족발야시장-상계점,11,51,4.8,711,29000,1000
직화삼겹직구삼-노원1호점,11,53,4.9,1789,12000,900
최배달떡순튀-노원점,11,53,4.9,211,12000,2000
탐나종합어시장-방학역점,11,56,4.9,879,20000,3000
옆집떡볶이-쌍문점,11,53,4.9,103,12000,4000
요녀석파스타&필라프-도봉점,11,54,4.9,555,10000,2900
피제이피자-노원직영점,11,54,4.9,1202,14900,1000
삼겹의민족-방학점,11,53,5,86,9900,3100
응큼떡볶이-창동점,11,53,5,32,9800,1900
큰집닭강정-마들점,11,52,4.6,162,8000,3500
족발야시장-쌍문점,11,55,4.9,4087,29000,3000
냉면&불타오르냉-노원점,11,65,5,49,14000,2000
파스타입니다-노원점,11,53,4.9,1310,7000,3200
육회란연어다-공릉묵동점,11,53,4.9,1081,14000,3500
피자1989-상계점,11,53,4.9,886,15900,3500
청춘묵은지김치찜-창동점,11,53,4.9,542,10000,3500
국민닭발-노원점,11,49,4.8,212,17000,3000
맛있는곱창-본점,11,53,4.9,479,22000,3000
육회바른연어-쌍문점,11,56,5,194,10000,3500
우동야마이루식-창동점,11,53,5,51,9800,1900
페리카나-상계역점,11,32,4.9,3251,17000,3000
크라칸치킨,11,53,4.9,205,14900,2000
지랄닭발-노원점,11,53,4.9,103,15000,2500
응급실국물떡볶이-서울창동역점,11,53,4.8,1504,15000,3500
가장맛있는족발-수락산점,11,51,4.6,225,30000,2000
족발야시장-공릉점,11,55,4.9,2499,30000,4000
BHC-도봉역점,11,53,4.8,9684,16000,3000
도야족발-창동점,11,51,4.8,1097,18000,2000
찜닭&닭도리달인-상계점,11,53,4.9,198,12000,3000
처갓집양념치킨-수락산점,11,53,4.9,1800,17000,2000
이삭토스트-방학점,11,58,4.9,2169,11000,4000
시카고부대찌개-노원점,11,60,5,97,14000,2000
할머니가래떡볶이-노원본점,11,53,4.9,1502,14000,1900
고기극찬-노원점,11,53,4.9,64,16800,2500
박은선닭꼬치-방학점,11,53,4.8,76,20000,3000
타코만타코야끼,11,53,4.8,125,13000,3000
신군산횟집,11,56,4.7,7,20000,3000
스시데마에,11,56,5,336,15500,1000
광수육회-방학점,11,53,4.9,292,15000,3000
1인육회,11,53,5,95,10900,3000
맛닭꼬-중계브라운스톤점,11,51,4.9,276,12000,3000
왕손피자-도봉구점,11,53,4.9,1267,15000,2000
순살만공격-상계점,11,53,4.9,88,14000,4000
명품동태탕&해물알찜,11,53,4.8,49,20000,2000
앤덤두마리치킨,11,53,4.6,1472,16000,2000
라사천마라탕-노원점,11,51,4.9,468,14900,3400
기영이숯불두마리치킨-노원상계점,11,52,4.9,45,15000,2500
세븐한식&분식천국,12,60,4.7,847,13000,3000
찌개덕후-본점,12,54,4.9,333,9900,3500
정음지음-김치요리전문점,12,62,4.8,544,16000,2500
레전드고기한상-도봉점,12,50,4.8,378,10000,3000
동대문엽기떡볶이-노원점,12,49,4.8,293,14000,3000
청년다방-노원역점,12,53,4.9,1134,13500,2500
수유리우동집-수락산점,12,20,4.6,396,13000,2900
동대문엽기떡볶이-중계점,12,53,4.8,616,14000,3000
명인만두-방학점,12,53,4.6,1508,12000,3000
스쿨푸드-노원점,12,53,4.8,678,15000,2500
꿈의김밥-노원점,12,19,4.8,167,5000,2900
걸작떡볶이치킨-쌍문창동점,12,53,4.8,3925,18000,3000
놀떡-보람한신점,12,53,4.9,330,11900,1000
김가네-방학역점,12,17,4.8,827,13000,2900
김밥천국-공릉점,12,53,4.7,974,11000,3000
최배달떡순튀-노원점,12,53,4.9,211,12000,2000
동대문엽기떡볶이-수락산점,12,53,4.9,127,14000,3000
은사즉석떡볶이-중계본점,12,53,4.9,431,12000,3000
킹스김밥,12,53,4.8,467,12000,3000
신참떡볶이-마들역점,12,53,4.9,386,12000,2500
배떡-쌍문점,12,20,4.8,981,12000,2900
떡참떡볶이참잘하는집-노원점,12,53,4.9,125,12000,2400
응큼떡볶이-창동점,12,53,5,32,9800,1900
응급실국물떡볶이-상계점,12,53,4.9,851,14000,2500
김밥천국-마들역점,12,53,4.5,338,15000,3000
옆집떡볶이-쌍문점,12,53,4.9,103,12000,4000
우동야마이루식-창동점,12,53,5,51,9800,1900
33떡볶이-상록마들점,12,53,4.7,96,14000,2000
얌샘김밥-중계역점,12,53,4.8,322,15000,3500
할머니가래떡볶이-노원본점,12,53,4.9,1502,14000,1900
신전떡볶이-도봉점,12,53,4.6,1978,15000,2500
달떡볶이-노원점,12,53,4.9,467,11000,2500
명가김밥,12,53,4.4,2330,12000,4000
명동분식-방학동도깨비시장점,12,14,4.8,130,10000,2900
청년다방-상계역점,12,53,4.7,1066,13500,3500
민들레김밥-쌍문홀씨점,12,15,4.8,42,12000,2900
마몽로제떡볶이-노원상계점,12,20,4.9,351,8000,3900
금강분식,12,25,4.9,1498,10000,3400
신전떡볶이-노원역점,12,17,4.8,218,15000,3400
신전떡볶이-은행사거리점,12,53,4.6,574,14000,4800
응급실국물떡볶이-쌍문역점,12,53,4.9,1017,15000,4000
응급실국물떡볶이-서울창동역점,12,53,4.8,1504,15000,3500
걸작떡볶이치킨-노원상계점,12,52,4.8,158,18000,3000
땅스떡볶이-방학점,12,53,5,101,11900,1000
떡볶이에빠지다,12,53,4.9,17,5000,2500
부리또인-노원역점,12,16,5,9,15000,2900
두레마을우동집-창동직영점,12,53,4.7,123,10000,3000
제육천재-도봉점,12,21,4.9,1485,9900,2400
타코만타코야끼,12,53,4.8,125,13000,3000
여우애김밥-상계점,12,53,4.8,111,12000,3200
은사즉석떡볶이-쌍문점,12,53,4.9,258,12000,2500
분식문방구-하계점,12,27,4.9,874,10000,6400
눈치떡-상계점,12,45,4.9,139,12000,2000
배떡-수락산역점,12,53,4.9,89,12000,3500
동대문엽기떡볶이-노원역점,12,53,4.9,31,14000,4000
밥깨비-노원점,12,53,4.9,1039,12000,2000
백남옥손만두-노원역점,12,16,4.8,61,10000,3400
최대섭대박김밥,12,21,4.8,230,15000,3400
2009미스터떡볶이&김밥,12,20,4.9,174,12000,3400
떡볶이스타-노원점,12,19,4.7,420,14000,2900
케이콜라보떡볶이김밥-상계역점,12,19,4.9,137,13000,3900
매운국물떡볶이밀방떡-도봉구점,12,20,4.9,587,14000,2900
스태프핫도그-방학점,12,18,4.9,586,8000,2900
삼첩분식-서울노원점,12,53,4.8,632,14000,4000
행컵-노원점,12,50,4.8,1522,14000,2500
미스테리분식,12,17,4.9,104,14000,2900
떡군이네떡볶이-노원상계점,12,18,4.9,246,12000,3400
불볶이와튀김범벅-창동점,12,53,4.6,323,13000,4000
김종구부산어묵-노원점,12,53,4.7,3,9900,3500
명품분식청년다방-노원점,12,53,4.6,11,13500,2000
참분식,12,22,4.7,134,13000,3400
죠스떡볶이-중계은행사거리점,12,53,4.7,22,13000,4500
명품만두-도봉점,12,17,5,3,10000,2900
파라솔분식,12,15,4.9,52,12000,2900
봉구스밥버거-방학점,12,54,4.9,505,10000,3500
권순옥김밥,12,49,4.8,205,12000,4000
타코이찌타꼬야끼-노원전문점,12,60,4.8,213,14000,2000
아담만두-중계본점,12,20,5,22,9000,4400
돈카춘돈까스&카레-노원점,12,20,5,212,10000,2900
채선당도시락&샐러드-마들점,12,18,4.8,562,15000,2900
크래미김밥우동집,12,26,4.9,137,10000,5400
죠스떡볶이-방학역점,12,53,4.6,216,15000,4000
파파스김밥&떡볶이,12,23,4.8,393,15000,3400
떡참떡볶이참잘하는집-도봉창동점,12,53,4.9,90,9000,4000
걸작떡볶이치킨-방학점,12,53,4.8,1847,18000,3500
스파게티스토리-노원점,12,16,4.9,1133,13000,2400
달떡볶이-공릉점,12,53,4.9,36,13000,6500
곱분이곱창-방학역점,12,53,4.9,332,18000,3000
응급실국물떡볶이-서울방학점,12,53,4.8,270,14000,4500
민들레김밥,12,53,4,35,15000,3000
모찌네타코야끼콩떡빙수-번동점,12,25,5,54,11000,5400
혜화동떡볶이극장-서울상계점,12,53,4.7,10,13900,3000
볶음밥주는떡볶이,12,15,5,3,13000,2900
태리로제떡볶이-서울쌍문점,12,53,4.9,42,17000,5000
바보국수,12,16,4.8,4,12000,2800
최고당돈가스-쌍문역점,12,22,4.9,676,10000,3900
파스타입니다-노원점,12,53,4.9,1310,7000,3200
프랭크수제치즈버거-방학역점,12,54,4.8,767,9900,3200
아오리라멘-노원점,12,53,4.8,365,12000,2500
원조멸치국수-마들점,12,17,4.5,54,13000,2900
감탄떡볶이-보람점,12,53,4.5,77,13000,2500
멘야마쯔리딜리버리라멘-중계점,12,19,4.9,175,12000,3400
고기듬뿍대왕비빔밥-서울노원점,12,21,5,920,19000,2900
명품만두-수락산점,12,15,4.6,11,10000,2900
요거요거맛있네,12,18,4.8,13,13000,3900
짱구네김밥분식,12,22,4.7,25,14000,3900
쉰요사오뎅,12,53,4,4,12000,3000
총각네타코야끼,12,27,4.9,489,9000,6400
낙지한마리수제비-노원점,12,20,4.6,46,18000,2900
만두퍼드림,12,19,5,20,10000,4400
차고집칡냉면&수제돈까스,12,18,4.9,1746,12000,2900
비엣포쌀국수,12,53,4.8,314,15900,3500
뽁자떡볶이,12,12,4,3,12000,2900
프랭크수제치즈버거-수락산역점,12,54,4.7,310,9900,3300
수제떡볶이꼬레노,12,53,4.5,198,14000,3000
내고향왕만두,12,17,5,61,10000,4400
502세컨즈카페-노원점,12,26,4.8,1280,14000,3000
피자아이씨-중계본동점,12,55,4.9,58,15000,3000
육회란연어다-공릉묵동점,12,53,4.9,1081,14000,3500
봉명동내커피-노원점,13,55,5,659,12000,3400
벤앤제리스아이스크림-방학DV점,13,50,5,1,12000,5000
크로플각-본점,13,16,5,3785,9900,1800
소확행베이커리,13,23,4.9,1293,16500,1500
빽다방-노원문화의거리점,13,15,4.9,549,8000,3400
크리스피크림도넛-롯데노원점,13,52,4.9,211,15000,2000
카페아에-노원점,13,53,4.9,730,10000,2500
빽다방-수락산역점,13,55,5,206,8800,3000
포트캔커피-방학점,13,55,4.8,13,14000,2000
와플대학-방학역캠퍼스점,13,18,4.8,73,10000,2900
요거트월드-노원점,13,55,5,57,10000,3400
커피킹-방학점,13,55,4.8,77,10000,2500
리프베이글&샌드위치,13,55,5,246,9800,1500
포트캔커피(노원은행사거리점),13,41,4.9,140,11900,3000
배배커피(BAEBAECOFFEE),13,21,5,462,10000,3400
만스에스테이트-도봉점,13,17,5,148,5000,3400
커스텀커피-중계점,13,21,4.9,25,15000,2400
O'cafe오카페,13,20,4.9,167,13000,2900
배스킨라빈스-노원로데오점,13,52,4.8,949,13500,3000
카페작약,13,23,4.9,197,11000,1000
읍천리382-노원중계점,13,55,4.9,132,12000,3000
빽다방-노원역북부점,13,18,4.9,139,8000,2900
감각,13,52,4.9,114,9900,2000
빽다방-노원역우리은행점,13,18,4.9,708,8000,3400
모퉁이카페,13,55,4.9,415,8500,2500
(주)빵굽는사람들,13,55,4.9,90,15000,2000
크로플전문점야미디저트,13,18,5,14,9900,2400
배스킨라빈스-도봉점,13,60,4.9,41,13500,3000
할리스-노원문화의거리점,13,52,4.8,171,10000,2000
통큰커피청년다방-노원역점,13,53,4.9,7,13500,2000
요거프레소-노원문화점,13,21,5,1160,17000,3400
카페봄날-방학점,13,55,4.9,163,7000,3300
요거트아이스크림의정석-쌍문점,13,16,4.9,243,8000,3900
Pokeallday포케&샐러드-노원점,13,53,5,12,12000,3500
설빙-수락산역점,13,56,4.8,315,11900,4000
디저트얌수제마카롱,13,56,5,71,8000,2000
디저트39-노원점,13,17,5,6,18500,3400
빽다방-창동역서부점,13,19,4.5,17,8000,3400
빽다방-방학역점,13,56,4.7,32,5000,4300
파리바게뜨-마들역점,13,41,4.8,1939,12000,2200
카페플랫&디저트,13,14,5,4,9000,1900
모노치즈-방학역점,13,17,5,63,8000,2900
쥬씨-차얌중계브라운스톤점,13,41,4.9,73,10000,3500
더벤티-방학역점,13,56,5,16,8000,3400
배스킨라빈스-마들역점,13,41,4.8,817,13500,3000
쥬씨-방학역점,13,56,4.9,318,10000,3300
마법사꽈베기도너츠,13,21,4.8,23,10000,3400
에그몬-은행사거리점,13,24,5,108,10000,4400
달빛과일-노원점,13,22,4.8,87,13000,3400
파리바게뜨-도봉1동점,13,56,4.9,1103,12000,2200
파리바게뜨-수락산역점,13,56,4.9,195,12000,2200
설빙-은행사거리점,13,47,4.9,372,13900,5000
하루달곰,13,16,5,16,12000,2900
노원토스트,13,56,5,476,10000,3500
푸욱젤라또,13,17,5,25,15000,3400
와플대학-노원역캠퍼스점,13,52,3,1,10000,3000
부스터샷커피-방학점,13,14,4.8,13,9000,2900
컴포즈커피-상계중앙점,13,17,5,16,10000,3400
곤트란쉐리에-방학모비우스스퀘어점,13,14,5,7,15000,2900
매머드익스프레스-노원롯데점,13,17,5,44,10000,3400
카페.미니,13,19,5,65,11000,2900
샐러디-노원역점,13,14,4.9,554,9000,3400
샹도르과자점,13,10,4.8,40,12000,3400
샐러두,13,19,4.9,69,13000,2900
빙수의여신-노원점,13,52,5,36,15000,3500
커피빈-노원역점,13,52,4.9,86,9000,4000
더벤티-창동점,13,56,4.8,89,8000,3500
민부곤과자점,13,13,4.9,210,10000,2900
하마쿡,13,13,5,60,11000,2900
배스킨라빈스-수락산역점,13,56,4.7,346,13500,3000
파리바게뜨-상계보람점,13,56,4.8,1072,12000,2200
수제디저트카페쥬드,13,56,5,217,11000,1500
파리바게뜨-상계제일점,13,41,4.9,883,12000,2200
이삭토스트-방학점,13,58,4.9,2169,11000,4000
하이오커피-상계역점,13,18,0,0,15000,3900
던킨-마들점,13,41,4.8,816,13000,3000
컴포즈커피-덕성여대점,13,27,4.9,253,5000,6400
뚜레쥬르-상계보람한신점,13,11,4.9,212,12000,2900
달쥬과일상점-노원35호점,13,41,4.5,2,15000,1500
그루카페,13,56,4.6,10,9900,3000
아토커피-노원점,13,19,4.8,12,9000,3900
아띠몽호두과자,13,17,4.9,11,15000,2900
"과일에반하다,프루타-쌍문점",13,22,5,7,12000,5400
커피세븐-상계점,13,16,5,3,15000,2900
마리웨일마카롱-노원로데오점,13,52,4.9,15,13000,2000
팔공티-노원점,13,52,5,22,8000,3900
배스킨라빈스-노원역점,13,52,4.8,235,13500,3000
CGV-수유점,13,19,4.7,43,13000,5400
달빛마루-노원점,13,17,5,3,12000,2900
기가델리,13,56,5,1,12000,2500
종로떡전문점,13,13,4.9,62,15000,3900
영미쿠키,13,16,5,18,5000,3400
쥬씨-차얌노원점,13,52,4.6,61,12000,3500
호두앤미-수락산본점,13,17,5,5,14000,3400
제이몽디저트&수제마카롱,13,56,5,164,10000,3000
1인커피,13,17,4.6,10,12000,2900
빙달DessertCafe-노원점,13,56,4.7,507,15000,2500
할리스-수락산역점,13,56,4.9,13,12000,3400
우노비커피,13,18,5,14,10500,3400
루트비커피-쌍문점,13,17,4.8,12,9000,3400
라트커피,13,26,5,243,12000,4400
이디야커피-방학중앙점,13,56,4.9,29,10000,3000
조이커피JOYCOFFEE,13,15,4.7,7,10000,2900
레인보우커피,13,16,5,14,11000,2900
스윗모드,13,17,5,19,12000,3400
오와케이크-수락산역점,13,15,0,0,10000,2900
카페23,13,15,4.9,64,8000,2900
카페라운드,13,17,5,4,10000,3400
풀무원녹즙-도봉홈가맹점,13,56,0,0,10000,2000
카페플라워-도봉점,13,16,5,6,12000,2900
사계-상계점,13,15,0,0,12000,2900
과일팡-창동점,13,24,4.9,171,15000,5400
매머드익스프레스-창동점,13,56,4.8,57,3000,4500
텀브커피쌍문점,13,23,5,3,10000,4400
샐러드로우&트라타-노원점,13,56,4.9,139,11000,2700
켁터스커피,13,22,4.8,21,8000,3400
